dataset,H,model,W0,lam,val_mse,val_mae,test_mse,test_mae
ETTh2,720,Linear,zero,0.0,0.6675578015162847,0.5646897750359542,0.7406606244391931,0.6116146307730229
ETTh2,720,Linear,zero,0.01,0.6675577931674551,0.5646897698964073,0.7406606159192742,0.6116146268576681
ETTh2,720,Linear,zero,0.0112202,0.6675577921487449,0.5646897692692928,0.7406606148796883,0.6116146263799257
ETTh2,720,Linear,zero,0.0125893,0.6675577910057259,0.5646897685656533,0.740660613713246,0.6116146258438857
ETTh2,720,Linear,zero,0.0141254,0.6675577897232883,0.5646897677761868,0.7406606124045283,0.611614625242462
ETTh2,720,Linear,zero,0.0158489,0.6675577882844026,0.5646897668904114,0.7406606109361565,0.6116146245676716
ETTh2,720,Linear,zero,0.0177828,0.667557786669869,0.5646897658965058,0.7406606092885375,0.611614623810512
ETTh2,720,Linear,zero,0.0199526,0.6675577848584013,0.564689764781365,0.7406606074399489,0.6116146229609954
ETTh2,720,Linear,zero,0.0223872,0.6675577828258756,0.5646897635301378,0.7406606053657723,0.6116146220078081
ETTh2,720,Linear,zero,0.0251189,0.6675577805453303,0.564689762126225,0.7406606030384939,0.6116146209383052
ETTh2,720,Linear,zero,0.0281838,0.667557777986633,0.5646897605510757,0.7406606004273637,0.6116146197383546
ETTh2,720,Linear,zero,0.0316228,0.6675577751156451,0.5646897587836721,0.7406605974975439,0.6116146183919762
ETTh2,720,Linear,zero,0.0354813,0.6675577718944741,0.5646897568006847,0.740660594210365,0.6116146168813886
ETTh2,720,Linear,zero,0.0398107,0.6675577682802203,0.5646897545757011,0.7406605905220489,0.611614615186456
ETTh2,720,Linear,zero,0.0446684,0.6675577642249784,0.5646897520792267,0.7406605863837087,0.6116146132847102
ETTh2,720,Linear,zero,0.0501187,0.6675577596750872,0.5646897492782218,0.7406605817405838,0.6116146111510223
ETTh2,720,Linear,zero,0.0562341,0.6675577545700451,0.5646897461354344,0.7406605765309328,0.6116146087570318
ETTh2,720,Linear,zero,0.0630957,0.6675577488421774,0.5646897426091987,0.7406605706856948,0.611614606070953
ETTh2,720,Linear,zero,0.0707946,0.6675577424154701,0.5646897386527565,0.7406605641272982,0.6116146030571328
ETTh2,720,Linear,zero,0.0794328,0.6675577352048199,0.5646897342136619,0.7406605567688967,0.6116145996756986
ETTh2,720,Linear,zero,0.0891251,0.6675577271144516,0.5646897292329444,0.7406605485127532,0.61161459588172
ETTh2,720,Linear,zero,0.1,0.6675577180371702,0.5646897236447371,0.7406605392494766,0.6116145916250676
ETTh2,720,Linear,zero,0.112202,0.6675577078524455,0.5646897173746921,0.7406605288560683,0.6116145868490974
ETTh2,720,Linear,zero,0.125893,0.6675576964252488,0.5646897103397466,0.7406605171947337,0.6116145814904417
ETTh2,720,Linear,zero,0.141254,0.6675576836046414,0.5646897024472836,0.7406605041114432,0.6116145754783102
ETTh2,720,Linear,zero,0.158489,0.667557669220528,0.5646896935924168,0.7406604894326182,0.6116145687328951
ETTh2,720,Linear,zero,0.177828,0.6675576530811641,0.5646896836570847,0.7406604729625877,0.6116145611643165
ETTh2,720,Linear,zero,0.199526,0.6675576349740048,0.5646896725102377,0.7406604544844553,0.6116145526727887
ETTh2,720,Linear,zero,0.223872,0.667557614658211,0.5646896600037611,0.740660433752451,0.6116145431454467
ETTh2,720,Linear,zero,0.251189,0.6675575918646721,0.564689645972035,0.7406604104919561,0.6116145324561139
ETTh2,720,Linear,zero,0.281838,0.6675575662926954,0.5646896302300053,0.740660384396123,0.6116145204640009
ETTh2,720,Linear,zero,0.316228,0.6675575376016979,0.5646896125683151,0.7406603551173996,0.61161450700912
ETTh2,720,Linear,zero,0.354813,0.6675575054137535,0.5646895927553043,0.7406603222701267,0.6116144919141252
ETTh2,720,Linear,zero,0.398107,0.6675574693011338,0.5646895705269842,0.7406602854178265,0.6116144749788912
ETTh2,720,Linear,zero,0.446684,0.6675574287863794,0.5646895455896792,0.7406602440732741,0.6116144559790827
ETTh2,720,Linear,zero,0.501187,0.6675573833348795,0.5646895176138216,0.740660197690928,0.6116144346637267
ETTh2,720,Linear,zero,0.562341,0.6675573323441413,0.5646894862281534,0.7406601456559792,0.6116144107497509
ETTh2,720,Linear,zero,0.630957,0.6675572751405948,0.5646894510180197,0.7406600872810931,0.6116143839212288
ETTh2,720,Linear,zero,0.707946,0.6675572109680944,0.5646894115188663,0.7406600217946774,0.6116143538241423
ETTh2,720,Linear,zero,0.794328,0.6675571389806367,0.5646893672107169,0.7406599483334528,0.6116143200630924
ETTh2,720,Linear,zero,0.891251,0.6675570582268027,0.5646893175067297,0.7406598659265807,0.6116142821917064
ETTh2,720,Linear,zero,1.0,0.6675569676426075,0.564689261754816,0.7406597734883692,0.6116142397090362
ETTh2,720,Linear,zero,1.12202,0.6675568660327791,0.5646891992198201,0.7406596697991737,0.6116141920547981
ETTh2,720,Linear,zero,1.25893,0.6675567520596511,0.5646891290731706,0.7406595534940693,0.611614138603682
ETTh2,720,Linear,zero,1.41254,0.6675566242296982,0.5646890503940335,0.740659423049117,0.6116140786568635
ETTh2,720,Linear,zero,1.58489,0.6675564808619476,0.5646889621469117,0.7406592767491392,0.6116140114300175
ETTh2,720,Linear,zero,1.77828,0.6675563200641329,0.5646888631699296,0.7406591126633979,0.6116139360286832
ETTh2,720,Linear,zero,1.99526,0.6675561397423846,0.564688752169207,0.7406589286554977,0.6116138514756086
ETTh2,720,Linear,zero,2.23872,0.6675559375281389,0.5646886276968203,0.74065872230882,0.6116137566690397
ETTh2,720,Linear,zero,2.51189,0.667555710780348,0.5646884881178635,0.740658490928802,0.611613650368203
ETTh2,720,Linear,zero,2.81838,0.6675554565549782,0.5646883316180286,0.74065823151184,0.6116135311977768
ETTh2,720,Linear,zero,3.16228,0.6675551715254987,0.5646881561571373,0.7406579406641939,0.6116133976059748
ETTh2,720,Linear,zero,3.54813,0.6675548520121005,0.564687959470487,0.7406576146318479,0.6116132478901274
ETTh2,720,Linear,zero,3.98107,0.6675544938628332,0.5646877390113313,0.74065724917928,0.6116130800914148
ETTh2,720,Linear,zero,4.46684,0.6675540924604985,0.5646874919573399,0.7406568395965711,0.6116128920503636
ETTh2,720,Linear,zero,5.01187,0.667553642656727,0.5646872150935777,0.7406563806322295,0.6116126813480802
ETTh2,720,Linear,zero,5.62341,0.6675531386754101,0.5646869048442968,0.7406558663947683,0.6116124453119807
ETTh2,720,Linear,zero,6.30957,0.6675525740932655,0.5646865572772964,0.740655290333024,0.6116121809755384
ETTh2,720,Linear,zero,7.07946,0.6675519417414123,0.5646861679496512,0.7406546451359048,0.6116118849081962
ETTh2,720,Linear,zero,7.94328,0.6675512336525504,0.5646857319276457,0.7406539226787245,0.6116115534531794
ETTh2,720,Linear,zero,8.91251,0.6675504409316021,0.5646852436942941,0.7406531138914945,0.6116111824821794
ETTh2,720,Linear,zero,10.0,0.6675495537153038,0.5646846971478269,0.740652208718048,0.6116107674376641
ETTh2,720,Linear,zero,11.2202,0.667548561025824,0.5646840855638694,0.7406511959671251,0.6116103032322285
ETTh2,720,Linear,zero,12.5893,0.6675474507087278,0.5646834014037769,0.7406500632496222,0.6116097842053023
ETTh2,720,Linear,zero,14.1254,0.6675462093591731,0.5646826362852126,0.7406487969039595,0.6116092043171459
ETTh2,720,Linear,zero,15.8489,0.6675448220868226,0.5646817812113798,0.740647381757078,0.6116085567317094
ETTh2,720,Linear,zero,17.7828,0.6675432723760717,0.5646808259010382,0.7406458009828918,0.6116078337106673
ETTh2,720,Linear,zero,19.9526,0.6675415422908422,0.5646797592983445,0.7406440363124375,0.6116070270133295
ETTh2,720,Linear,zero,22.3872,0.667539611909478,0.5646785691402367,0.7406420674589831,0.6116061273709472
ETTh2,720,Linear,zero,25.1189,0.6675374595202193,0.5646772415028514,0.740639872319318,0.6116051246821109
ETTh2,720,Linear,zero,28.1838,0.6675350615410149,0.5646757625115876,0.7406374268942375,0.6116040085153542
ETTh2,720,Linear,zero,31.6228,0.6675323920313878,0.564674116021622,0.7406347047935455,0.611602767457868
ETTh2,720,Linear,zero,35.4813,0.6675294232915773,0.5646722840722902,0.740631677850422,0.6116013893238053
ETTh2,720,Linear,zero,39.8107,0.6675261251478808,0.5646702486365248,0.7406283153967571,0.6115998605740297
ETTh2,720,Linear,zero,44.6684,0.6675224655079266,0.56466798985623,0.7406245848342187,0.6115981667773375
ETTh2,720,Linear,zero,50.1187,0.6675184103428121,0.5646654864453428,0.7406204516217623,0.6115962930374266
ETTh2,720,Linear,zero,56.2341,0.6675139235350885,0.564662714105063,0.7406158791275628,0.611594223295881
ETTh2,720,Linear,zero,63.0957,0.6675089675825887,0.5646596491161947,0.7406108293544307,0.6115919402733668
ETTh2,720,Linear,zero,70.7946,0.6675035037755728,0.5646562671567616,0.7406052631296067,0.6115894298956156
ETTh2,720,Linear,zero,79.4328,0.6674974929952897,0.5646525432572512,0.740599140929085,0.611586675636348
ETTh2,720,Linear,zero,89.1251,0.667490896107961,0.5646484528441607,0.7405924232911648,0.6115836621469957
ETTh2,720,Linear,zero,100.0,0.6674836754082158,0.564643970478611,0.7405850723002867,0.6115803770177061
ETTh2,720,Linear,zero,112.202,0.6674757954999343,0.5646390746824557,0.7405770524991173,0.611576808100013
ETTh2,720,Linear,zero,125.893,0.6674672252403285,0.5646337404438669,0.7405683328842788,0.611572947103812
ETTh2,720,Linear,zero,141.254,0.6674579399380708,0.5646279483803013,0.7405588891609105,0.6115687839524818
ETTh2,720,Linear,zero,158.489,0.667447922770079,0.5646216870682872,0.7405487052033356,0.6115643137027647
ETTh2,720,Linear,zero,177.828,0.6674371674840206,0.5646149473623702,0.7405377758252657,0.6115595472590758
ETTh2,720,Linear,zero,199.526,0.6674256838483682,0.5646077303818713,0.7405261123415218,0.6115544979606451
ETTh2,720,Linear,zero,223.872,0.6674134981875602,0.5646000542025015,0.7405137431361438,0.611549194061076
ETTh2,720,Linear,zero,251.189,0.6674006596078761,0.5645919415818215,0.7405007200154871,0.6115436772628748
ETTh2,720,Linear,zero,281.838,0.6673872444455781,0.564583434894148,0.7404871227571119,0.611538008459404
ETTh2,720,Linear,zero,316.228,0.6673733588437484,0.5645745768403,0.7404730617739613,0.611532247774934
ETTh2,720,Linear,zero,354.813,0.6673591474272457,0.564565439971108,0.7404586869752732,0.611526495422894
ETTh2,720,Linear,zero,398.107,0.6673447948590528,0.5645561603979649,0.7404441894442874,0.6115208678842204
ETTh2,720,Linear,zero,446.684,0.6673305336704518,0.564546859839748,0.7404298095131672,0.6115155105575711
ETTh2,720,Linear,zero,501.187,0.6673166484329464,0.564537681839163,0.7404158411993434,0.6115105818571833
ETTh2,720,Linear,zero,562.341,0.6673034792535557,0.56452882802564,0.7404026360653179,0.6115063015941766
ETTh2,720,Linear,zero,630.957,0.6672914273530909,0.5645205239494514,0.7403906093077688,0.6115029045597394
ETTh2,720,Linear,zero,707.946,0.6672809575893384,0.5645130188066516,0.7403802429487492,0.6115006482509666
ETTh2,720,Linear,zero,794.328,0.6672726014195984,0.5645066310056216,0.7403720896903223,0.6114998771417162
ETTh2,720,Linear,zero,891.251,0.6672669579331835,0.5645016638027514,0.7403667751298701,0.6115009666740367
ETTh2,720,Linear,zero,1000.0,0.6672646952725234,0.5644985144494705,0.7403650006687478,0.6115043296726494
ETTh2,720,Linear,zero,1122.02,0.6672665502455248,0.564497619137433,0.7403675450198272,0.6115103922075316
ETTh2,720,Linear,zero,1258.93,0.6672733277703203,0.5644994293543458,0.7403752659104025,0.6115196388748412
ETTh2,720,Linear,zero,1412.54,0.6672858988071478,0.5645044433440034,0.7403891006531644,0.6115326240351999
ETTh2,720,Linear,zero,1584.89,0.6673051997037821,0.5645131892519838,0.7404100686855593,0.6115499755107336
ETTh2,720,Linear,zero,1778.28,0.6673322322429385,0.5645262169873508,0.7404392751502265,0.6115722566065784
ETTh2,720,Linear,zero,1995.26,0.6673680562707172,0.5645441538897414,0.7404779067798777,0.6116001108784657
ETTh2,720,Linear,zero,2238.72,0.6674137960194819,0.5645676293756805,0.7405272427303967,0.611634227764903
ETTh2,720,Linear,zero,2511.89,0.6674706337870453,0.5645973206549012,0.7405886517905388,0.6116753814909016
ETTh2,720,Linear,zero,2818.38,0.6675398073796763,0.564633895826694,0.7406635935776482,0.6117243178860834
ETTh2,720,Linear,zero,3162.28,0.6676226214601959,0.5646780819542463,0.7407536346646941,0.6117820000079368
ETTh2,720,Linear,zero,3548.13,0.6677204277258793,0.5647306053047852,0.7408604307414955,0.6118493808601736
ETTh2,720,Linear,zero,3981.07,0.6678346452037116,0.5647921759829211,0.7409857521938256,0.6119273607291112
ETTh2,720,Linear,zero,4466.84,0.6679667417818148,0.5648636257760231,0.7411314674201155,0.6120169854103525
ETTh2,720,Linear,zero,5011.87,0.6681182340566956,0.5649458186169934,0.741299545990727,0.6121193767026656
ETTh2,720,Linear,zero,5623.41,0.6682906954591995,0.5650395498405275,0.7414920713154283,0.6122357651566447
ETTh2,720,Linear,zero,6309.57,0.6684857348728621,0.565145580621465,0.7417112208474437,0.6123673353898312
ETTh2,720,Linear,zero,7079.46,0.6687049981762107,0.5652646460737479,0.7419592719179141,0.6125153039452822
ETTh2,720,Linear,zero,7943.28,0.6689501511566724,0.5653976015395092,0.742238586866715,0.6126809588839269
ETTh2,720,Linear,zero,8912.51,0.6692228864194385,0.5655451656914261,0.7425516253517904,0.6128656107772367
ETTh2,720,Linear,zero,10000.0,0.669524898080181,0.5657082278527086,0.7429009196729336,0.6130705615538103
ETTh2,720,Linear,zero,11220.2,0.6698578929559162,0.5658875272662466,0.7432890910365644,0.6132971871497179
ETTh2,720,Linear,zero,12589.3,0.6702235745761779,0.5660839195816051,0.7437188333352783,0.6135470418067631
ETTh2,720,Linear,zero,14125.4,0.6706236361565364,0.5662980992473328,0.7441929049949434,0.6138216406681238
ETTh2,720,Linear,zero,15848.9,0.6710598111972437,0.5665307462045217,0.744714187225243,0.6141226254223333
ETTh2,720,Linear,zero,17782.8,0.6715338967496409,0.5667825946530023,0.7452857095602046,0.6144517620685941
ETTh2,720,Linear,zero,19952.6,0.6720476829575076,0.5670547197918927,0.7459105595809465,0.6148107590358218
ETTh2,720,Linear,zero,22387.2,0.672603128455732,0.5673481442347817,0.7465920883626203,0.6152014249218488
ETTh2,720,Linear,zero,25118.9,0.6732023136174057,0.5676637520947068,0.7473338490684719,0.6156260875058
ETTh2,720,Linear,zero,28183.8,0.6738474948750078,0.5680026360714462,0.7481396583804873,0.6160869682337573
ETTh2,720,Linear,zero,31622.8,0.6745412754775642,0.5683661681791883,0.7490138094737226,0.6165866274633525
ETTh2,720,Linear,zero,35481.3,0.6752864971064685,0.568755682695242,0.7499609425467227,0.6171275378413674
ETTh2,720,Linear,zero,39810.7,0.6760864894609183,0.5691728947912632,0.7509863738493081,0.6177125952037604
ETTh2,720,Linear,zero,44668.4,0.6769450017194512,0.5696198264335816,0.7520960353725655,0.6183451107082057
ETTh2,720,Linear,zero,50118.7,0.6778662963607205,0.5700984756067821,0.7532966324917524,0.6190287068103697
ETTh2,720,Linear,zero,56234.1,0.6788552744278465,0.5706118650805404,0.7545958618453595,0.6197674449234901
ETTh2,720,Linear,zero,63095.7,0.6799174155076264,0.5711628883383519,0.7560024064588476,0.6205658387934168
ETTh2,720,Linear,zero,70794.6,0.6810588502015353,0.5717550606920224,0.7575261233575831,0.6214288259796882
ETTh2,720,Linear,zero,79432.8,0.6822863088380663,0.5723920627963572,0.7591780906468643,0.6223619275308816
ETTh2,720,Linear,zero,89125.1,0.6836071689145709,0.5730779943983424,0.7609708112481944,0.6233712847635469
ETTh2,720,Linear,zero,100000.0,0.6850293070197014,0.5738172756751644,0.7629181803800844,0.6244635328661888
ETTh2,720,Linear,mean,0.0,0.6675578015162847,0.5646897750359542,0.7406606244391931,0.6116146307730229
ETTh2,720,Linear,mean,0.01,0.6675577927589204,0.5646897697236868,0.7406606139990759,0.6116146260034513
ETTh2,720,Linear,mean,0.0112202,0.6675577916903608,0.5646897690754971,0.7406606127251871,0.6116146254214774
ETTh2,720,Linear,mean,0.0125893,0.6675577904914093,0.5646897683482105,0.7406606112958506,0.6116146247684866
ETTh2,720,Linear,mean,0.0141254,0.6675577891462167,0.5646897675322124,0.7406606096921712,0.6116146240358467
ETTh2,720,Linear,mean,0.0158489,0.6675577876369201,0.5646897666166685,0.7406606078928533,0.611614623213832
ETTh2,720,Linear,mean,0.0177828,0.6675577859433799,0.5646897655893606,0.740660605873887,0.6116146222914753
ETTh2,720,Linear,mean,0.0199526,0.6675577840432685,0.564689764436743,0.7406606036086537,0.6116146212566108
ETTh2,720,Linear,mean,0.0223872,0.6675577819112808,0.5646897631434652,0.7406606010669857,0.6116146200954561
ETTh2,720,Linear,mean,0.0251189,0.6675577795191362,0.5646897616923705,0.7406605982151666,0.6116146187926067
ETTh2,720,Linear,mean,0.0281838,0.667557776835227,0.564689760064284,0.7406605950155147,0.6116146173308472
ETTh2,720,Linear,mean,0.0316228,0.667557773823744,0.5646897582374819,0.7406605914253388,0.6116146156907024
ETTh2,720,Linear,mean,0.0354813,0.6675577704449398,0.5646897561878502,0.7406605873972514,0.6116146138505151
ETTh2,720,Linear,mean,0.0398107,0.6675577666538148,0.5646897538880892,0.7406605828776045,0.6116146117857577
ETTh2,720,Linear,mean,0.0446684,0.6675577624001191,0.5646897513077124,0.7406605778064895,0.6116146094690589
ETTh2,720,Linear,mean,0.0501187,0.6675577576275642,0.5646897484125697,0.7406605721167988,0.6116146068697972
ETTh2,720,Linear,mean,0.0562341,0.6675577522726868,0.5646897451641569,0.7406605657328696,0.6116146039534185
ETTh2,720,Linear,mean,0.0630957,0.667557746264499,0.5646897415194068,0.7406605585700682,0.6116146006812099
ETTh2,720,Linear,mean,0.0707946,0.6675577395232649,0.5646897374299886,0.7406605505333301,0.6116145970097367
ETTh2,720,Linear,mean,0.0794328,0.6675577319597142,0.5646897328416945,0.740660541516223,0.611614592890408
ETTh2,720,Linear,mean,0.0891251,0.6675577234733817,0.564689727693572,0.7406605313989654,0.6116145882684964
ETTh2,720,Linear,mean,0.1,0.667557713951823,0.5646897219175329,0.7406605200474922,0.6116145830828952
ETTh2,720,Linear,mean,0.112202,0.6675577032686042,0.5646897154367343,0.7406605073110575,0.6116145772646091
ETTh2,720,Linear,mean,0.125893,0.6675576912820823,0.5646897081653199,0.7406604930207793,0.6116145707364515
ETTh2,720,Linear,mean,0.141254,0.6675576778339247,0.5646897000075449,0.7406604769878716,0.6116145634121578
ETTh2,720,Linear,mean,0.158489,0.6675576627457016,0.5646896908550039,0.7406604589995843,0.6116145551944998
ETTh2,720,Linear,mean,0.177828,0.6675576458162724,0.5646896805856497,0.7406604388160819,0.6116145459739417
ETTh2,720,Linear,mean,0.199526,0.6675576268226744,0.5646896690640301,0.7406604161715026,0.6116145356289342
ETTh2,720,Linear,mean,0.223872,0.6675576055122616,0.5646896561370484,0.7406603907645828,0.6116145240219254
ETTh2,720,Linear,mean,0.251189,0.6675575816027282,0.5646896416335034,0.7406603622586811,0.6116145109991195
ETTh2,720,Linear,mean,0.281838,0.667557554778633,0.5646896253621023,0.7406603302776311,0.6116144963889202
ETTh2,720,Linear,mean,0.316228,0.6675575246826843,0.5646896071064312,0.7406602943953443,0.6116144799963886
ETTh2,720,Linear,mean,0.354813,0.6675574909184079,0.5646895866269814,0.7406602541389845,0.6116144616053922
ETTh2,720,Linear,mean,0.398107,0.6675574530370771,0.5646895636509011,0.7406602089733755,0.6116144409719049
ETTh2,720,Linear,mean,0.446684,0.6675574105377827,0.5646895378745534,0.7406601583010732,0.6116144178225481
ETTh2,720,Linear,mean,0.501187,0.6675573628596447,0.5646895089573207,0.7406601014530668,0.6116143918514524
ETTh2,720,Linear,mean,0.562341,0.6675573093705518,0.5646894765153844,0.7406600376753334,0.611614362713646
ETTh2,720,Linear,mean,0.630957,0.6675572493638016,0.5646894401201484,0.7406599661248096,0.6116143300238258
ETTh2,720,Linear,mean,0.707946,0.6675571820460307,0.5646893992911595,0.7406598858549729,0.6116142933502183
ETTh2,720,Linear,mean,0.794328,0.667557106529565,0.5646893534910271,0.7406597958066836,0.611614252210216
ETTh2,720,Linear,mean,0.891251,0.6675570218160859,0.5646893021129221,0.7406596947886637,0.6116142060595006
ETTh2,720,Linear,mean,1.0,0.6675569267891113,0.5646892444827049,0.7406595814684755,0.6116141542872713
ETTh2,720,Linear,mean,1.12202,0.6675568201943358,0.5646891798402123,0.7406594543490054,0.6116140962096452
ETTh2,720,Linear,mean,1.25893,0.6675567006279507,0.5646891073288368,0.7406593117544471,0.6116140310632666
ETTh2,720,Linear,mean,1.41254,0.6675565665224856,0.5646890259965477,0.740659151813305,0.6116139579948977
ETTh2,720,Linear,mean,1.58489,0.6675564161136261,0.5646889347724723,0.7406589724186802,0.6116138760457105
ETTh2,720,Linear,mean,1.77828,0.667556247415142,0.5646888324551058,0.740658771198187,0.6116137841246848
ETTh2,720,Linear,mean,1.99526,0.6675560582289863,0.5646887177067844,0.7406585455257777,0.6116136810362774
ETTh2,720,Linear,mean,2.23872,0.667555846068528,0.564688589029547,0.7406582924298947,0.6116135654336898
ETTh2,720,Linear,mean,2.51189,0.667555608160761,0.564688444732241,0.7406580085957469,0.611613435797658
ETTh2,720,Linear,mean,2.81838,0.6675553414141686,0.5646882829385746,0.7406576903265365,0.6116132904458387
ETTh2,720,Linear,mean,3.16228,0.6675550423351273,0.564688101537656,0.7406573334431571,0.6116131274764627
ETTh2,720,Linear,mean,3.54813,0.6675547070583504,0.5646878981859484,0.7406569333198167,0.6116129448011085
ETTh2,720,Linear,mean,3.98107,0.6675543312218971,0.5646876702485697,0.7406564847340041,0.6116127400192738
ETTh2,720,Linear,mean,4.46684,0.6675539099740657,0.5646874148048358,0.7406559818735974,0.6116125104819311
ETTh2,720,Linear,mean,5.01187,0.6675534379037935,0.5646871285269413,0.740655418252405,0.6116122532211764
ETTh2,720,Linear,mean,5.62341,0.6675529089387767,0.564686807714894,0.740654786586782,0.6116119649454099
ETTh2,720,Linear,mean,6.30957,0.6675523163244031,0.5646864482964131,0.740654078768265,0.611611641995633
ETTh2,720,Linear,mean,7.07946,0.6675516525196048,0.5646860456698317,0.7406532857364383,0.6116112801607538
ETTh2,720,Linear,mean,7.94328,0.6675509091403626,0.5646855947278936,0.7406523974079843,0.6116108749150269
ETTh2,720,Linear,mean,8.91251,0.6675500768225828,0.5646850897546669,0.7406514025084897,0.6116104211503225
ETTh2,720,Linear,mean,10.0,0.6675491451780127,0.5646845244255349,0.7406502885142862,0.6116099132044069
ETTh2,720,Linear,mean,11.2202,0.6675481026384601,0.5646838917644417,0.740649041459369,0.6116093447540896
ETTh2,720,Linear,mean,12.5893,0.667546936388037,0.5646831839546858,0.7406476458457603,0.6116087087668174
ETTh2,720,Linear,mean,14.1254,0.6675456322824096,0.5646823923066948,0.7406460845362289,0.611607997657225
ETTh2,720,Linear,mean,15.8489,0.667544174597774,0.5646815074642615,0.7406443384403961,0.6116072028410868
ETTh2,720,Linear,mean,17.7828,0.6675425458788257,0.5646805187471311,0.7406423863155736,0.6116063146077746
ETTh2,720,Linear,mean,19.9526,0.6675407271476361,0.564679414671606,0.7406402049961098,0.6116053225512178
ETTh2,720,Linear,mean,22.3872,0.6675386973017733,0.5646781824666972,0.7406377686456707,0.6116042149320094
ETTh2,720,Linear,mean,25.1189,0.6675364333097732,0.5646768076481872,0.7406350489585168,0.6116029788842874
ETTh2,720,Linear,mean,28.1838,0.6675339101146013,0.5646752757366282,0.7406320150031669,0.6116016008746622
ETTh2,720,Linear,mean,31.6228,0.6675311001046574,0.5646735698521677,0.7406286325353602,0.6116000660058938
ETTh2,720,Linear,mean,35.4813,0.6675279737251629,0.5646716712741392,0.7406248646700093,0.6115983582105446
ETTh2,720,Linear,mean,39.8107,0.6675244987022074,0.5646695610300625,0.7406206708684729,0.6115964595349478
ETTh2,720,Linear,mean,44.6684,0.6675206405980064,0.5646672183604089,0.7406160075095898,0.6115943506918063
ETTh2,720,Linear,mean,50.1187,0.6675163627562504,0.5646646207940189,0.7406108277043257,0.6115920112333298
ETTh2,720,Linear,mean,56.2341,0.6675116260969527,0.5646617428055749,0.740605080898022,0.6115894189701179
ETTh2,720,Linear,mean,63.0957,0.6675063898039061,0.5646585593447584,0.7405987135189372,0.6115865496807444
ETTh2,720,Linear,mean,70.7946,0.6675006114445925,0.5646550444222247,0.7405916688991273,0.6115833814361002
ETTh2,720,Linear,mean,79.4328,0.6674942477319302,0.5646511712551164,0.740583887925847,0.6115798891084953
ETTh2,720,Linear,mean,89.1251,0.6674872548405749,0.5646469133470501,0.74057530909013,0.6115760474822375
ETTh2,720,Linear,mean,100.0,0.6674795898135144,0.5646422430597641,0.7405658697976496,0.6115718331201391
ETTh2,720,Linear,mean,112.202,0.6674712113488613,0.564637136428601,0.7405555068389565,0.6115672215310176
ETTh2,720,Linear,mean,125.893,0.6674620816866309,0.5646315657013593,0.7405441581161418,0.61156219039576
ETTh2,720,Linear,mean,141.254,0.6674521687372927,0.5646255081330259,0.7405317645706742,0.6115567143445637
ETTh2,720,Linear,mean,158.489,0.6674414473390617,0.5646189490592392,0.7405182708948101,0.6115507712480588
ETTh2,720,Linear,mean,177.828,0.6674299018376454,0.5646118751697407,0.7405036277252856,0.6115443520094554
ETTh2,720,Linear,mean,199.526,0.6674175315769594,0.5646042835303064,0.7404877973965881,0.6115374481361608
ETTh2,720,Linear,mean,223.872,0.6674043510662898,0.5645961865459981,0.7404707527801493,0.6115300627553407
ETTh2,720,Linear,mean,251.189,0.6673903962058774,0.564587601794994,0.7404524836367227,0.6115222109405719
ETTh2,720,Linear,mean,281.838,0.6673757285712716,0.5645785654656008,0.7404330003962774,0.6115139222791933
ETTh2,720,Linear,mean,316.228,0.6673604375811224,0.5645691131638453,0.7404123349007221,0.6115052211083101
ETTh2,720,Linear,mean,354.813,0.6673446492942676,0.5645593093014494,0.7403905498397575,0.6114961689141877
ETTh2,720,Linear,mean,398.107,0.6673285273525477,0.5645492815764838,0.7403677375464464,0.6114868403384099
ETTh2,720,Linear,mean,446.684,0.667312280810347,0.5645391407681954,0.7403440280704474,0.6114773289403173
ETTh2,720,Linear,mean,501.187,0.6672961679379878,0.5645290202141567,0.7403195918839404,0.6114677382887116
ETTh2,720,Linear,mean,562.341,0.667280499184873,0.5645191087585705,0.7402946412423755,0.6114582273988115
ETTh2,720,Linear,mean,630.957,0.667265642593316,0.5645096186381932,0.7402694355026561,0.6114489613065816
ETTh2,720,Linear,mean,707.946,0.6672520257484104,0.5645007832058871,0.7402442816223506,0.6114401196018593
ETTh2,720,Linear,mean,794.328,0.6672401383714462,0.5644929012032817,0.7402195362821545,0.6114319574588977
ETTh2,720,Linear,mean,891.251,0.6672305325743044,0.5644862573439755,0.7401956044476968,0.6114247521417792
ETTh2,720,Linear,mean,1000.0,0.6672238239110075,0.56448122561906,0.7401729405448049,0.6114188132284841
ETTh2,720,Linear,mean,1122.02,0.6672206900479267,0.564478219361465,0.7401520455438205,0.6114144347057449
ETTh2,720,Linear,mean,1258.93,0.6672218696339991,0.5644776619320936,0.7401334659672636,0.6114119703122814
ETTh2,720,Linear,mean,1412.54,0.6672281595351227,0.5644800192996593,0.7401177911886551,0.6114118078259079
ETTh2,720,Linear,mean,1584.89,0.6672404125821151,0.5644857843546229,0.740105648472577,0.6114143998363709
ETTh2,720,Linear,mean,1778.28,0.6672595363880408,0.5644954660027535,0.7400977007835956,0.6114201254475442
ETTh2,720,Linear,mean,1995.26,0.6672864863820013,0.5645096463789032,0.7400946445841097,0.611429399080468
ETTh2,720,Linear,mean,2238.72,0.6673222684472851,0.5645289050243782,0.7400972033679729,0.6114426735282362
ETTh2,720,Linear,mean,2511.89,0.6673679325957775,0.5645538611113751,0.7401061248614287,0.6114604404228223
ETTh2,720,Linear,mean,2818.38,0.6674245687699566,0.5645851280039527,0.7401221745262939,0.6114831350336245
ETTh2,720,Linear,mean,3162.28,0.6674933140948376,0.5646233538065903,0.7401461324665329,0.6115113664851315
ETTh2,720,Linear,mean,3548.13,0.6675753342771207,0.5646691970185657,0.7401787813516701,0.6115456927023418
ETTh2,720,Linear,mean,3981.07,0.6676718377577996,0.5647232604437691,0.7402209031751018,0.61158659042303
ETTh2,720,Linear,mean,4466.84,0.6677840572371828,0.5647862940072239,0.740273262581458,0.6116346163992914
ETTh2,720,Linear,mean,5011.87,0.667913245834097,0.5648590462416083,0.7403365927540717,0.6116903646796179
ETTh2,720,Linear,mean,5623.41,0.668060679887166,0.5649421832917805,0.7404115831391191,0.6117543817648047
ETTh2,720,Linear,mean,6309.57,0.6682276359327269,0.5650363175948641,0.7404988520273309,0.6118272094741335
ETTh2,720,Linear,mean,7079.46,0.6684153865168532,0.56514205844869,0.7405989255812931,0.6119092808000735
ETTh2,720,Linear,mean,7943.28,0.6686251794289259,0.565260048928067,0.7407122058156655,0.6120010152078057
ETTh2,720,Linear,mean,8912.51,0.6688582368423768,0.565390819588574,0.7408389465992417,0.6121026950674429
ETTh2,720,Linear,mean,10000.0,0.6691157263404414,0.5655350480263645,0.7409792119788562,0.6122145376395943
ETTh2,720,Linear,mean,11220.2,0.6693987627199215,0.5656932448165991,0.7411328486509712,0.6123367489441348
ETTh2,720,Linear,mean,12589.3,0.6697083863144683,0.5658659576035922,0.7412994434013097,0.6124694550025064
ETTh2,720,Linear,mean,14125.4,0.6700455490723146,0.5660536378354771,0.7414782830474631,0.6126126313169687
ETTh2,720,Linear,mean,15848.9,0.6704111492764697,0.5662566090656859,0.7416683387663997,0.6127661909127828
ETTh2,720,Linear,mean,17782.8,0.6708060426504231,0.5664752410715842,0.7418682353637666,0.6129298391584229
ETTh2,720,Linear,mean,19952.6,0.6712309761619194,0.5667101784916315,0.742076182031737,0.613103205853984
ETTh2,720,Linear,mean,22387.2,0.6716867267881544,0.5669618780689336,0.74229000723856,0.6132857482811516
ETTh2,720,Linear,mean,25118.9,0.6721740550510699,0.5672308209542432,0.7425071004457636,0.6134769012235536
ETTh2,720,Linear,mean,28183.8,0.6726937433299119,0.5675174657049745,0.7427244006984977,0.6136758786983452
ETTh2,720,Linear,mean,31622.8,0.6732467261476374,0.5678223773771317,0.7429384227420167,0.6138817216529863
ETTh2,720,Linear,mean,35481.3,0.6738339946741845,0.5681463127730175,0.7431451917716869,0.614093142018848
ETTh2,720,Linear,mean,39810.7,0.6744567856664009,0.5684902473329728,0.7433402929759335,0.6143087738839891
ETTh2,720,Linear,mean,44668.4,0.675116513902297,0.5688550982714785,0.7435188219803889,0.6145270188686803
ETTh2,720,Linear,mean,50118.7,0.6758148303868896,0.5692419335703237,0.7436753833428953,0.6147463021971641
ETTh2,720,Linear,mean,56234.1,0.6765536959832863,0.5696527068306106,0.7438040763929624,0.6149645492793777
ETTh2,720,Linear,mean,63095.7,0.6773353070175253,0.5700891309898226,0.7438984352615786,0.6151794366329165
ETTh2,720,Linear,mean,70794.6,0.6781621130287087,0.5705530753045575,0.743951375456154,0.6153883767733744
ETTh2,720,Linear,mean,79432.8,0.679036731940572,0.5710469944006101,0.7439551025542854,0.6155888030943516
ETTh2,720,Linear,mean,89125.1,0.6799619240598154,0.5715732274066754,0.7439009952928447,0.6157774605383307
ETTh2,720,Linear,mean,100000.0,0.6809404126538505,0.5721339147927387,0.7437794540959489,0.6159509778486953
ETTh2,720,Linear,last,0.0,0.6675578015162847,0.5646897750359542,0.7406606244391931,0.6116146307730229
ETTh2,720,Linear,last,0.01,0.667557777716991,0.5646897658603782,0.7406605993567313,0.611614619510803
ETTh2,720,Linear,last,0.0112202,0.6675577748130835,0.5646897647407957,0.7406605962962618,0.6116146181367559
ETTh2,720,Linear,last,0.0125893,0.6675577715548363,0.5646897634845928,0.7406605928623494,0.6116146165951798
ETTh2,720,Linear,last,0.0141254,0.6675577678991819,0.5646897620751623,0.7406605890096055,0.6116146148655771
ETTh2,720,Linear,last,0.0158489,0.6675577637975811,0.564689760493787,0.7406605846868753,0.6116146129250155
ETTh2,720,Linear,last,0.0177828,0.6675577591953115,0.5646897587193644,0.7406605798364863,0.6116146107476024
ETTh2,720,Linear,last,0.0199526,0.6675577540317038,0.564689756728516,0.7406605743944996,0.6116146083045998
ETTh2,720,Linear,last,0.0223872,0.6675577482380027,0.5646897544947487,0.7406605682884543,0.6116146055634725
ETTh2,720,Linear,last,0.0251189,0.6675577417373677,0.5646897519884223,0.740660561437369,0.6116146024878688
ETTh2,720,Linear,last,0.0281838,0.6675577344439229,0.564689749176409,0.7406605537507401,0.6116145990371396
ETTh2,720,Linear,last,0.0316228,0.6675577262603792,0.5646897460211963,0.7406605451260365,0.6116145951652311
ETTh2,720,Linear,last,0.0354813,0.667557717078751,0.5646897424811175,0.7406605354494544,0.6116145908211299
ETTh2,720,Linear,last,0.0398107,0.6675577067767903,0.5646897385090267,0.7406605245921593,0.6116145859468786
ETTh2,720,Linear,last,0.0446684,0.66755769521799,0.5646897340523825,0.7406605124102912,0.6116145804779465
ETTh2,720,Linear,last,0.0501187,0.667557682249449,0.5646897290521692,0.7406604987427131,0.6116145743420027
ETTh2,720,Linear,last,0.0562341,0.6675576676987839,0.5646897234418887,0.7406604834077573,0.6116145674574751
ETTh2,720,Linear,last,0.0630957,0.6675576513731863,0.5646897171471772,0.7406604662022334,0.6116145597337188
ETTh2,720,Linear,last,0.0707946,0.6675576330561025,0.5646897100845405,0.7406604468979279,0.6116145510682974
ETTh2,720,Linear,last,0.0794328,0.6675576125051043,0.5646897021607096,0.7406604252393628,0.6116145413459783
ETTh2,720,Linear,last,0.0891251,0.667557589447386,0.5646896932706614,0.7406604009390495,0.6116145304378473
ETTh2,720,Linear,last,0.1,0.6675575635776436,0.564689683296649,0.7406603736752565,0.6116145181994727
ETTh2,720,Linear,last,0.112202,0.6675575345526298,0.5646896721064207,0.7406603430862707,0.6116145044680256
ETTh2,720,Linear,last,0.125893,0.6675575019878554,0.5646896595514548,0.7406603087669259,0.6116144890616103
ETTh2,720,Linear,last,0.141254,0.6675574654535886,0.5646896454667962,0.7406602702643861,0.61161447177693
ETTh2,720,Linear,last,0.158489,0.6675574244656295,0.5646896296662435,0.7406602270684283,0.6116144523846532
ETTh2,720,Linear,last,0.177828,0.6675573784782419,0.5646896119381085,0.7406601786039972,0.6116144306281052
ETTh2,720,Linear,last,0.199526,0.667557326886614,0.5646895920504219,0.7406601242338036,0.6116144062195414
ETTh2,720,Linear,last,0.223872,0.6675572690055603,0.5646895697391752,0.7406600632358856,0.611614378834466
ETTh2,720,Linear,last,0.251189,0.6675572040696542,0.5646895447101995,0.7406599948037572,0.6116143481097241
ETTh2,720,Linear,last,0.281838,0.6675571312238808,0.5646895166327375,0.7406599180365678,0.6116143136411768
ETTh2,720,Linear,last,0.316228,0.6675570495000767,0.5646894851334867,0.7406598319142869,0.6116142749695614
ETTh2,720,Linear,last,0.354813,0.6675569578243196,0.5646894498007958,0.740659735305508,0.6116142315896661
ETTh2,720,Linear,last,0.398107,0.6675568549816128,0.5646894101683266,0.740659626930254,0.6116141829286026
ETTh2,720,Linear,last,0.446684,0.667556739616301,0.5646893657105335,0.7406595053604411,0.6116141283441225
ETTh2,720,Linear,last,0.501187,0.6675566102112087,0.5646893158476868,0.7406593689979283,0.611614067113955
ETTh2,720,Linear,last,0.562341,0.6675564650574256,0.5646892599183345,0.7406592160427196,0.6116139984313868
ETTh2,720,Linear,last,0.630957,0.667556302245637,0.5646891971868245,0.740659044483881,0.6116139213894141
ETTh2,720,Linear,last,0.707946,0.6675561196339314,0.5646891268474257,0.7406588520656854,0.6116138349896276
ETTh2,720,Linear,last,0.794328,0.66755591482775,0.5646890479652404,0.740658636266566,0.611613738105131
ETTh2,720,Linear,last,0.891251,0.6675556851364682,0.5646889595108173,0.7406583942534735,0.6116136294609335
ETTh2,720,Linear,last,1.0,0.6675554275541287,0.5646888603166024,0.740658122861705,0.6116135076482275
ETTh2,720,Linear,last,1.12202,0.6675551387075391,0.5646887491008575,0.7406578185403865,0.6116133710523446
ETTh2,720,Linear,last,1.25893,0.6675548148263917,0.5646886243916245,0.740657477321198,0.611613217887207
ETTh2,720,Linear,last,1.41254,0.6675544517071051,0.564688484604459,0.7406570947805408,0.6116130461766891
ETTh2,720,Linear,last,1.58489,0.6675540446257461,0.5646883279530928,0.7406566659481293,0.6116128537120468
ETTh2,720,Linear,last,1.77828,0.6675535882737217,0.5646881524160957,0.7406561852396663,0.6116126379563156
ETTh2,720,Linear,last,1.99526,0.6675530767894968,0.5646879557893142,0.7406556464907755,0.6116123960908088
ETTh2,720,Linear,last,2.23872,0.6675525035564974,0.5646877355242484,0.740655042744778,0.6116121250219996
ETTh2,720,Linear,last,2.51189,0.667551861216147,0.5646874888298224,0.7406543662672608,0.6116118212955343
ETTh2,720,Linear,last,2.81838,0.667551141589746,0.5646872125716559,0.7406536084648313,0.6116114810764807
ETTh2,720,Linear,last,3.16228,0.6675503354639427,0.5646869032904143,0.7406527596605149,0.6116110999634203
ETTh2,720,Linear,last,3.54813,0.6675494326867255,0.5646865572748899,0.7406518091964873,0.6116106731982495
ETTh2,720,Linear,last,3.98107,0.6675484218479898,0.5646861701347945,0.7406507450998097,0.6116101954096391
ETTh2,720,Linear,last,4.46684,0.667547290320155,0.5646857371190466,0.7406495541278192,0.6116096604172605
ETTh2,720,Linear,last,5.01187,0.6675460240982569,0.5646852531411904,0.7406482216030551,0.6116090615875458
ETTh2,720,Linear,last,5.62341,0.6675446075610151,0.5646847123740748,0.7406467311659276,0.611608391634891
ETTh2,720,Linear,last,6.30957,0.6675430234577798,0.5646841082768513,0.7406450647661884,0.6116076427611299
ETTh2,720,Linear,last,7.07946,0.6675412526838932,0.564683434036332,0.7406432024330868,0.6116068058795775
ETTh2,720,Linear,last,7.94328,0.6675392741976542,0.5646826816533888,0.7406411221962071,0.6116058705957561
ETTh2,720,Linear,last,8.91251,0.667537064740021,0.5646818424313185,0.7406387998009943,0.6116048257388087
ETTh2,720,Linear,last,10.0,0.6675345988241616,0.5646809077562862,0.7406362087107078,0.6116036602455048
ETTh2,720,Linear,last,11.2202,0.6675318484556246,0.5646798675734979,0.7406333198285311,0.6116023605924478
ETTh2,720,Linear,last,12.5893,0.6675287831202271,0.5646787108586835,0.7406301015052387,0.6116009122519701
ETTh2,720,Linear,last,14.1254,0.6675253697777613,0.5646774265589333,0.7406265195579075,0.6115992987717052
ETTh2,720,Linear,last,15.8489,0.6675215724625755,0.5646760027900609,0.7406225368826096,0.611597505277391
ETTh2,720,Linear,last,17.7828,0.667517352215034,0.5646744256528774,0.7406181134232449,0.6115955127208252
ETTh2,720,Linear,last,19.9526,0.6675126680243956,0.5646726838033402,0.7406132072101043,0.6115933034920277
ETTh2,720,Linear,last,22.3872,0.667507475770267,0.5646707643597659,0.7406077733131785,0.6115908559855346
ETTh2,720,Linear,last,25.1189,0.6675017293537834,0.5646686532135351,0.7406017651062867,0.6115881491125105
ETTh2,720,Linear,last,28.1838,0.6674953812114508,0.5646663380256712,0.7405951349018579,0.6115851598801938
ETTh2,720,Linear,last,31.6228,0.6674883819358663,0.564663804835567,0.7405878336784416,0.6115818636590216
ETTh2,720,Linear,last,35.4813,0.6674806829847031,0.5646610416113232,0.7405798140625828,0.6115782374540581
ETTh2,720,Linear,last,39.8107,0.6674722361930062,0.5646580381303586,0.7405710300107607,0.6115742636293003
ETTh2,720,Linear,last,44.6684,0.6674629969253755,0.5646547850518262,0.7405614403317906,0.6115699167953983
ETTh2,720,Linear,last,50.1187,0.6674529260871436,0.5646512861308669,0.7405510110701992,0.6115651701119242
ETTh2,720,Linear,last,56.2341,0.6674419922908373,0.5646475389545742,0.7405397181234018,0.6115600139702166
ETTh2,720,Linear,last,63.0957,0.6674301766882299,0.5646435612510775,0.7405275527010283,0.611554451317543
ETTh2,720,Linear,last,70.7946,0.667417477104963,0.5646393720831404,0.7405145261555216,0.611548483503839
ETTh2,720,Linear,last,79.4328,0.6674039143904725,0.5646350119574333,0.7405006772115779,0.6115421152785756
ETTh2,720,Linear,last,89.1251,0.667389538670123,0.5646305430224448,0.7404860792359655,0.6115353643873145
ETTh2,720,Linear,last,100.0,0.6673744389160612,0.5646260584114678,0.7404708510620895,0.6115282875645977
ETTh2,720,Linear,last,112.202,0.6673587522898453,0.5646216663172822,0.740455167767502,0.6115209637614599
ETTh2,720,Linear,last,125.893,0.667342676866225,0.564617502383182,0.7404392750878281,0.6115134874804903
ETTh2,720,Linear,last,141.254,0.667326485810296,0.5646137621455914,0.7404235054917071,0.6115059836045743
ETTh2,720,Linear,last,158.489,0.6673105413914908,0.5646106821141506,0.7404082943937611,0.6114986422934531
ETTh2,720,Linear,last,177.828,0.6672953128425824,0.5646085922461036,0.7403942005099754,0.6114916778164681
ETTh2,720,Linear,last,199.526,0.6672813986306706,0.564607894864639,0.7403819305132586,0.6114853437941739
ETTh2,720,Linear,last,223.872,0.6672695422734164,0.5646090500989601,0.7403723579520132,0.6114800370870405
ETTh2,720,Linear,last,251.189,0.6672606562135717,0.5646126240360517,0.7403665497635932,0.6114762054786517
ETTh2,720,Linear,last,281.838,0.6672558414440917,0.5646192208333082,0.740365788577643,0.6114744100860344
ETTh2,720,Linear,last,316.228,0.6672564057757929,0.5646296362313672,0.7403715943168218,0.6114751823613992
ETTh2,720,Linear,last,354.813,0.6672638808083607,0.5646448276289091,0.7403857422731446,0.6114793253169639
ETTh2,720,Linear,last,398.107,0.6672800332749164,0.564665858755692,0.7404102774573776,0.6114877887366446
ETTh2,720,Linear,last,446.684,0.6673068692889976,0.5646938670108931,0.7404475185731232,0.6115014107671474
ETTh2,720,Linear,last,501.187,0.667346629410751,0.5647300115194894,0.7405000528598292,0.6115212990263862
ETTh2,720,Linear,last,562.341,0.6674017777657869,0.5647757407647072,0.7405707246087001,0.6115486538067637
ETTh2,720,Linear,last,630.957,0.6674749719991041,0.564832606712292,0.740662600610659,0.611584742351281
ETTh2,720,Linear,last,707.946,0.6675690259307377,0.5649023418672291,0.7407789285891796,0.6116309629532919
ETTh2,720,Linear,last,794.328,0.6676868526047426,0.5649863117836291,0.7409230726160498,0.6116887783329003
ETTh2,720,Linear,last,891.251,0.6678314051500494,0.5650864812355382,0.7410984471551523,0.6117597615418818
ETTh2,720,Linear,last,1000.0,0.6680055910342696,0.5652046188795314,0.7413084195535872,0.6118453091105045
ETTh2,720,Linear,last,1122.02,0.6682121950373077,0.5653423207409436,0.7415562239449418,0.6119467691345549
ETTh2,720,Linear,last,1258.93,0.668453781036771,0.5655008996561061,0.7418448499031254,0.6120653742579367
ETTh2,720,Linear,last,1412.54,0.6687325933377162,0.5656816458695251,0.7421769308519942,0.6122023362538129
ETTh2,720,Linear,last,1584.89,0.6690504999162088,0.5658854767573965,0.7425546821147779,0.612358766342391
ETTh2,720,Linear,last,1778.28,0.6694089267479514,0.5661132899481945,0.7429798275410395,0.6125352484592117
ETTh2,720,Linear,last,1995.26,0.6698087261253203,0.5663657288847419,0.7434534474080235,0.6127319685955616
ETTh2,720,Linear,last,2238.72,0.6702502438734516,0.5666430697545679,0.7439760613546742,0.6129492695718125
ETTh2,720,Linear,last,2511.89,0.6707332345409406,0.5669451684244096,0.7445475299868481,0.6131874910076072
ETTh2,720,Linear,last,2818.38,0.6712568679458474,0.5672717053614114,0.7451670639418508,0.6134465451598935
ETTh2,720,Linear,last,3162.28,0.6718198486722616,0.5676222663276314,0.7458333657136523,0.6137256484492856
ETTh2,720,Linear,last,3548.13,0.6724203239057546,0.5679956827234027,0.7465445204872931,0.6140239507516703
ETTh2,720,Linear,last,3981.07,0.6730560938881172,0.5683907215047419,0.7472982448865543,0.6143406386950926
ETTh2,720,Linear,last,4466.84,0.6737245747590718,0.5688061913493033,0.7480918427788238,0.6146745577131175
ETTh2,720,Linear,last,5011.87,0.6744229018129174,0.5692405522394379,0.7489223276858815,0.615024577740359
ETTh2,720,Linear,last,5623.41,0.6751480573433908,0.5696920917398498,0.7497865755570061,0.6153890710217254
ETTh2,720,Linear,last,6309.57,0.6758968599319959,0.570159176273613,0.7506813137244119,0.6157671381969171
ETTh2,720,Linear,last,7079.46,0.6766660578296219,0.5706399694805845,0.7516032342252092,0.6161570911589968
ETTh2,720,Linear,last,7943.28,0.6774523361978778,0.5711329775417961,0.7525490044080543,0.6165577411459254
ETTh2,720,Linear,last,8912.51,0.6782523936385597,0.5716363179972211,0.7535153597393737,0.6169676906828279
ETTh2,720,Linear,last,10000.0,0.679062897887849,0.5721483942825127,0.7544990489978395,0.6173857682264072
ETTh2,720,Linear,last,11220.2,0.6798805403670132,0.572667437968674,0.7554968942814171,0.6178112170036831
ETTh2,720,Linear,last,12589.3,0.680701998902832,0.5731912934893388,0.7565057336569588,0.6182425201113418
ETTh2,720,Linear,last,14125.4,0.6815239284794461,0.5737181075351128,0.757522388319761,0.6186785376279046
ETTh2,720,Linear,last,15848.9,0.6823430615063033,0.5742465894900789,0.7585437552455472,0.6191180294892521
ETTh2,720,Linear,last,17782.8,0.6831562235740715,0.574774792825048,0.7595667865034483,0.619559614256703
ETTh2,720,Linear,last,19952.6,0.6839602150835923,0.5753010380270241,0.7605882843457604,0.6200028099115421
ETTh2,720,Linear,last,22387.2,0.6847521192916038,0.5758240017123265,0.7616052205989673,0.6204463098016287
ETTh2,720,Linear,last,25118.9,0.6855292325436023,0.5763426984286436,0.7626145702127146,0.620888855415989
ETTh2,720,Linear,last,28183.8,0.6862891931790557,0.5768555163906137,0.7636133837356435,0.6213298217026586
ETTh2,720,Linear,last,31622.8,0.6870302351126807,0.5773617846720852,0.7645990207781025,0.6217684321168778
ETTh2,720,Linear,last,35481.3,0.6877511242309018,0.5778610519775125,0.7655689627377358,0.6222038596232837
ETTh2,720,Linear,last,39810.7,0.6884514968078698,0.5783533208629258,0.7665211580624091,0.6226358540913005
ETTh2,720,Linear,last,44668.4,0.6891318541104146,0.5788392200588345,0.7674539159398422,0.6230636680585605
ETTh2,720,Linear,last,50118.7,0.6897937220962076,0.5793203892106529,0.7683660298870976,0.6234873308957587
ETTh2,720,Linear,last,56234.1,0.6904397884852292,0.579797668833468,0.7692568893572218,0.6239073388673423
ETTh2,720,Linear,last,63095.7,0.6910738745286052,0.580273667778813,0.7701263836522495,0.6243245277800769
ETTh2,720,Linear,last,70794.6,0.6917009651698519,0.5807514279183658,0.7709749108442039,0.6247388243372451
ETTh2,720,Linear,last,79432.8,0.6923271078449329,0.5812348004908803,0.7718032353814608,0.6251512670589021
ETTh2,720,Linear,last,89125.1,0.6929593055682942,0.5817275755844995,0.7726123667249833,0.6255622267707454
ETTh2,720,Linear,last,100000.0,0.6936052444913147,0.5822335809712075,0.773403246484124,0.6259729916891946
ETTh2,720,DLinear,zero,0.0,0.6675578015162847,0.5646897750359542,0.7406606244391931,0.6116146307730229
ETTh2,720,DLinear,zero,0.01,0.6675577933348453,0.5646897702389901,0.7406606160753418,0.6116146270273981
ETTh2,720,DLinear,zero,0.0112202,0.667557792336559,0.5646897696536773,0.740660615054798,0.6116146265703659
ETTh2,720,DLinear,zero,0.0125893,0.6675577912164556,0.5646897689969403,0.7406606139097214,0.6116146260575634
ETTh2,720,DLinear,zero,0.0141254,0.6675577899597286,0.5646897682600975,0.7406606126249752,0.6116146254822118
ETTh2,720,DLinear,zero,0.0158489,0.6675577885496897,0.5646897674333635,0.7406606111834988,0.611614624836671
ETTh2,720,DLinear,zero,0.0177828,0.6675577869675238,0.5646897665057066,0.740660609566058,0.6116146241123346
ETTh2,720,DLinear,zero,0.0199526,0.6675577851923712,0.5646897654648976,0.7406606077513279,0.6116146232996449
ETTh2,720,DLinear,zero,0.0223872,0.6675577832005913,0.5646897642970731,0.7406606057151411,0.6116146223877788
ETTh2,720,DLinear,zero,0.0251189,0.6675577809657631,0.5646897629867406,0.7406606034304873,0.6116146213646394
ETTh2,720,DLinear,zero,0.0281838,0.6675577784583575,0.5646897615165856,0.7406606008671794,0.6116146202167073
ETTh2,720,DLinear,zero,0.0316228,0.6675577756449202,0.5646897598669911,0.7406605979910172,0.6116146189286653
ETTh2,720,DLinear,zero,0.0354813,0.6675577724883175,0.5646897580161832,0.7406605947640392,0.6116146174835152
ETTh2,720,DLinear,zero,0.0398107,0.6675577689465088,0.5646897559395095,0.7406605911432679,0.6116146158620457
ETTh2,720,DLinear,zero,0.0446684,0.6675577649725486,0.5646897536094416,0.740660587080711,0.6116146140427473
ETTh2,720,DLinear,zero,0.0501187,0.6675577605138496,0.564689750995142,0.7406605825226098,0.6116146120015469
ETTh2,720,DLinear,zero,0.0562341,0.667557755511122,0.5646897480618579,0.7406605774083523,0.6116146097113664
ETTh2,720,DLinear,zero,0.0630957,0.6675577498980454,0.5646897447706917,0.7406605716701402,0.6116146071418224
ETTh2,720,DLinear,zero,0.0707946,0.6675577436001268,0.5646897410779526,0.7406605652318207,0.6116146042588115
ETTh2,720,DLinear,zero,0.0794328,0.6675577365339659,0.5646897369347472,0.7406605580081346,0.6116146010241054
ETTh2,720,DLinear,zero,0.0891251,0.667557728605703,0.5646897322860567,0.7406605499031309,0.6116145973947548
ETTh2,720,DLinear,zero,0.1,0.6675577197102868,0.5646897270702308,0.7406605408094171,0.6116145933227721
ETTh2,720,DLinear,zero,0.112202,0.6675577097295959,0.5646897212180455,0.7406605306062408,0.6116145887539668
ETTh2,720,DLinear,zero,0.125893,0.6675576985313005,0.564689714652013,0.7406605191583232,0.6116145836277709
ETTh2,720,DLinear,zero,0.141254,0.6675576859674762,0.5646897072853743,0.7406605063144456,0.6116145778764294
ETTh2,720,DLinear,zero,0.158489,0.6675576718714238,0.5646896990203163,0.7406604919041949,0.6116145714236639
ETTh2,720,DLinear,zero,0.177828,0.6675576560552247,0.5646896897466431,0.7406604757354682,0.6116145641835137
ETTh2,720,DLinear,zero,0.199526,0.6675576383105726,0.5646896793420781,0.7406604575953202,0.6116145560605329
ETTh2,720,DLinear,zero,0.223872,0.6675576184014281,0.5646896676685605,0.7406604372424563,0.6116145469467449
ETTh2,720,DLinear,zero,0.251189,0.6675575960640395,0.5646896545715926,0.7406604144072534,0.6116145367213155
ETTh2,720,DLinear,zero,0.281838,0.6675575710036973,0.564689639877979,0.740660388788443,0.6116145252492907
ETTh2,720,DLinear,zero,0.316228,0.667557542886589,0.5646896233917025,0.7406603600447845,0.6116145123779861
ETTh2,720,DLinear,zero,0.354813,0.6675575113422926,0.5646896048955073,0.7406603277976156,0.6116144979380949
ETTh2,720,DLinear,zero,0.398107,0.6675574759515638,0.5646895841445372,0.7406602916183683,0.6116144817374274
ETTh2,720,DLinear,zero,0.446684,0.6675574362464004,0.5646895608636883,0.7406602510286348,0.6116144635620053
ETTh2,720,DLinear,zero,0.501187,0.6675573917027648,0.5646895347458548,0.7406602054927309,0.6116144431716705
ETTh2,720,DLinear,zero,0.562341,0.6675573417300609,0.5646895054457289,0.7406601544069389,0.6116144202956145
ETTh2,720,DLinear,zero,0.630957,0.6675572856679923,0.5646894725763109,0.7406600970962994,0.6116143946314532
ETTh2,720,DLinear,zero,0.707946,0.6675572227752833,0.5646894357031763,0.7406600328030828,0.6116143658396362
ETTh2,720,DLinear,zero,0.794328,0.6675571522225271,0.5646893943394408,0.7406599606794831,0.6116143335413923
ETTh2,720,DLinear,zero,0.891251,0.6675570730769194,0.5646893479381754,0.7406598797720152,0.6116142973098684
ETTh2,720,DLinear,zero,1.0,0.6675569842952288,0.5646892958863584,0.7406597890143346,0.6116142566694868
ETTh2,720,DLinear,zero,1.12202,0.6675568847054179,0.5646892374991859,0.7406596872084579,0.6116142110791163
ETTh2,720,DLinear,zero,1.25893,0.6675567729957221,0.5646891720058883,0.740659573013606,0.6116141599377051
ETTh2,720,DLinear,zero,1.41254,0.6675566477014069,0.5646890985462234,0.7406594449326795,0.6116141025784393
ETTh2,720,DLinear,zero,1.58489,0.6675565071737481,0.5646890161501814,0.7406593012805632,0.6116140382462728
ETTh2,720,DLinear,zero,1.77828,0.6675563495565868,0.5646889237351042,0.7406591401601775,0.6116139660987437
ETTh2,720,DLinear,zero,1.99526,0.6675561727957363,0.5646888200960811,0.7406589594721179,0.6116138851941163
ETTh2,720,DLinear,zero,2.23872,0.6675559745672242,0.5646887038712727,0.7406587568413308,0.6116137944710561
ETTh2,720,DLinear,zero,2.51189,0.6675557522793114,0.5646885735400661,0.7406585296192137,0.6116136927464364
ETTh2,720,DLinear,zero,2.81838,0.6675555030424151,0.5646884274024372,0.7406582748529155,0.6116135786946307
ETTh2,720,DLinear,zero,3.16228,0.6675552235909302,0.5646882635319922,0.7406579892054804,0.611613450837188
ETTh2,720,DLinear,zero,3.54813,0.667554910311591,0.5646880798146403,0.7406576689849093,0.6116133075277583
ETTh2,720,DLinear,zero,3.98107,0.6675545591265738,0.5646878738700547,0.7406573100247617,0.6116131468769817
ETTh2,720,DLinear,zero,4.46684,0.6675541654998044,0.5646876430398879,0.7406569076907155,0.6116129668066825
ETTh2,720,DLinear,zero,5.01187,0.6675537243717544,0.5646873843507275,0.74065645681406,0.6116127650385468
ETTh2,720,DLinear,zero,5.62341,0.6675532300640292,0.5646870944363532,0.7406559515943517,0.6116125389737203
ETTh2,720,DLinear,zero,6.30957,0.6675526762594155,0.5646867696003902,0.7406553855792416,0.6116122857456003
ETTh2,720,DLinear,zero,7.07946,0.6675520559042273,0.5646864057169932,0.7406547515649432,0.6116120021654976
ETTh2,720,DLinear,zero,7.94328,0.6675513611550961,0.5646859981613145,0.7406540415421946,0.6116116846204213
ETTh2,720,DLinear,zero,8.91251,0.6675505832503028,0.5646855417872527,0.7406532465651913,0.6116113290995339
ETTh2,720,DLinear,zero,10.0,0.6675497124679314,0.5646850307918775,0.7406523567093579,0.6116109312129858
ETTh2,720,DLinear,zero,11.2202,0.667548737979464,0.5646844588605047,0.7406513609224057,0.6116104861090279
ETTh2,720,DLinear,zero,12.5893,0.6675476477854455,0.564683818957575,0.7406502469594226,0.6116099883217623
ETTh2,720,DLinear,zero,14.1254,0.6675464286387648,0.5646831032268523,0.740649001305511,0.6116094317821025
ETTh2,720,DLinear,zero,15.8489,0.6675450658084485,0.5646823029948447,0.7406476089357201,0.6116088099596265
ETTh2,720,DLinear,zero,17.7828,0.6675435429355777,0.5646814085621821,0.7406460531694564,0.6116081153838284
ETTh2,720,DLinear,zero,19.9526,0.6675418422262207,0.5646804096845941,0.7406443158695477,0.6116073401395858
ETTh2,720,DLinear,zero,22.3872,0.6675399438857313,0.5646792946562225,0.7406423768667576,0.6116064754080093
ETTh2,720,DLinear,zero,25.1189,0.6675378262978812,0.5646780508283078,0.7406402141457972,0.6116055116530408
ETTh2,720,DLinear,zero,28.1838,0.6675354659301918,0.5646766640030986,0.7406378037522567,0.6116044381049408
ETTh2,720,DLinear,zero,31.6228,0.6675328368336402,0.5646751190880843,0.7406351192862035,0.6116032430459304
ETTh2,720,DLinear,zero,35.4813,0.6675299112079862,0.5646733996481111,0.7406321324849531,0.6116019141018324
ETTh2,720,DLinear,zero,39.8107,0.6675266586677268,0.5646714873503792,0.7406288124802229,0.6116004386446791
ETTh2,720,DLinear,zero,44.6684,0.6675230467519031,0.5646693636209031,0.7406251263267111,0.6115988020351929
ETTh2,720,DLinear,zero,50.1187,0.6675190408614126,0.5646670076813609,0.7406210389476819,0.6115969894527582
ETTh2,720,DLinear,zero,56.2341,0.6675146040529246,0.5646643965488052,0.7406165129363275,0.6115949851102076
ETTh2,720,DLinear,zero,63.0957,0.6675096976661011,0.5646615064273003,0.7406115092095987,0.6115927727597433
ETTh2,720,DLinear,zero,70.7946,0.6675042814166816,0.5646583129707544,0.7406059871194295,0.6115903358604861
ETTh2,720,DLinear,zero,79.4328,0.667498314087971,0.5646547918157537,0.7405999051770311,0.6115876569632847
ETTh2,720,DLinear,zero,89.1251,0.6674917538017436,0.5646509167270459,0.7405932213514619,0.6115847192291962
ETTh2,720,DLinear,zero,100.0,0.66748455930862,0.5646466641345208,0.7405858944105685,0.6115815055701206
ETTh2,720,DLinear,zero,112.202,0.6674766906948716,0.5646420107663678,0.7405778846706094,0.6115780032241194
ETTh2,720,DLinear,zero,125.893,0.6674681111200828,0.5646369311026664,0.7405691557994318,0.6115742000735034
ETTh2,720,DLinear,zero,141.254,0.6674587887833585,0.564631402678704,0.7405596768548252,0.6115700831423359
ETTh2,720,DLinear,zero,158.489,0.6674486980728173,0.5646254055406386,0.7405494234960951,0.6115656432763605
ETTh2,720,DLinear,zero,177.828,0.6674378219626464,0.5646189286258337,0.7405383804699135,0.6115608883897232
ETTh2,720,DLinear,zero,199.526,0.6674261571664828,0.5646119639014342,0.7405265468965037,0.6115558277890791
ETTh2,720,DLinear,zero,223.872,0.6674137142957403,0.5646045171063759,0.7405139364875472,0.6115504766002469
ETTh2,720,DLinear,zero,251.189,0.6674005237548628,0.5645966032173011,0.7405005835933999,0.6115448560549707
ETTh2,720,DLinear,zero,281.838,0.6673866398553139,0.564588241697229,0.7404865474436481,0.6115390141692052
ETTh2,720,DLinear,zero,316.228,0.6673721429807165,0.5645794782509815,0.7404719144315873,0.611533015063999
ETTh2,720,DLinear,zero,354.813,0.6673571481088176,0.5645703584464651,0.7404568068390989,0.6115269318511067
ETTh2,720,DLinear,zero,398.107,0.6673418059971997,0.5645609816254644,0.7404413841763889,0.6115208533455904
ETTh2,720,DLinear,zero,446.684,0.6673263110326594,0.5645514510138467,0.7404258512859428,0.6115148855050598
ETTh2,720,DLinear,zero,501.187,0.6673109054315132,0.5645418793638087,0.7404104628192182,0.6115091789512498
ETTh2,720,DLinear,zero,562.341,0.6672958828288956,0.5645324264484042,0.7403955272021918,0.6115039292221602
ETTh2,720,DLinear,zero,630.957,0.6672815944515128,0.5645232617003385,0.7403814133032349,0.611499340211589
ETTh2,720,DLinear,zero,707.946,0.6672684522581129,0.5645146018366785,0.74036855423224,0.6114956579265323
ETTh2,720,DLinear,zero,794.328,0.6672569330086536,0.5645067267939567,0.7403574522716521,0.6114931611279025
ETTh2,720,DLinear,zero,891.251,0.6672475804189587,0.564499919331385,0.7403486822001175,0.6114921556546892
ETTh2,720,DLinear,zero,1000.0,0.6672410084493119,0.564494520608183,0.7403428960296652,0.6114930094980864
ETTh2,720,DLinear,zero,1122.02,0.6672379026521692,0.5644909396683319,0.7403408262544006,0.6114961485682413
ETTh2,720,DLinear,zero,1258.93,0.6672390220707863,0.5644895784894115,0.7403432900125579,0.6115020331376135
ETTh2,720,DLinear,zero,1412.54,0.6672451998577125,0.564490873718739,0.7403511923956813,0.6115111715362628
ETTh2,720,DLinear,zero,1584.89,0.6672573446504032,0.5644952942381452,0.7403655311958176,0.6115240966410674
ETTh2,720,DLinear,zero,1778.28,0.667276443220838,0.5645033695583015,0.7403874033199535,0.6115414032359895
ETTh2,720,DLinear,zero,1995.26,0.6673035574280745,0.564515700851136,0.7404180051953723,0.6115637767637353
ETTh2,720,DLinear,zero,2238.72,0.6673398307004347,0.5645328938053314,0.7404586443646087,0.61159199103069
ETTh2,720,DLinear,zero,2511.89,0.6673864853750098,0.5645556929106279,0.7405107407641558,0.6116268011720113
ETTh2,720,DLinear,zero,2818.38,0.6674448217129535,0.5645847789728575,0.740575830076115,0.6116690314600114
ETTh2,720,DLinear,zero,3162.28,0.6675162282788258,0.5646208508341499,0.7406555796596948,0.6117195785720982
ETTh2,720,DLinear,zero,3548.13,0.6676021650529189,0.5646647065243708,0.7407517739120353,0.6117794840151373
ETTh2,720,DLinear,zero,3981.07,0.6677041797980554,0.564717246457651,0.74086633656699,0.6118498955404382
ETTh2,720,DLinear,zero,4466.84,0.6678238897949235,0.5647793305703791,0.7410013140483072,0.6119320732269243
ETTh2,720,DLinear,zero,5011.87,0.667962977986034,0.5648519315574121,0.7411588745830332,0.6120272091743715
ETTh2,720,DLinear,zero,5623.41,0.6681231959803523,0.564935971903022,0.7413413149565904,0.6121364988243437
ETTh2,720,DLinear,zero,6309.57,0.6683063389080485,0.5650323862614692,0.7415510351584542,0.6122612430294484
ETTh2,720,DLinear,zero,7079.46,0.6685142402691541,0.5651421482758019,0.7417905353270702,0.6124028915783969
ETTh2,720,DLinear,zero,7943.28,0.6687487486966727,0.5652662410835525,0.7420623916265998,0.6125627821559271
ETTh2,720,DLinear,zero,8912.51,0.6690117270811945,0.5654055494344586,0.7423692573998806,0.6127424973752874
ETTh2,720,DLinear,zero,10000.0,0.6693050208110052,0.5655609476471651,0.7427138278480087,0.6129434725473345
ETTh2,720,DLinear,zero,11220.2,0.6696304611759454,0.5657334553793069,0.7430988446425747,0.6131673155610593
ETTh2,720,DLinear,zero,12589.3,0.6699898429795068,0.5659237827510649,0.7435270692516813,0.613415476448432
ETTh2,720,DLinear,zero,14125.4,0.6703849112063595,0.5661328008613865,0.7440012650833312,0.6136896526366025
ETTh2,720,DLinear,zero,15848.9,0.6708174056676108,0.5663614731995626,0.7445242480322057,0.6139913487126981
ETTh2,720,DLinear,zero,17782.8,0.6712890804770072,0.5666106136567515,0.7450989072956553,0.614322275662099
ETTh2,720,DLinear,zero,19952.6,0.67180163117555,0.5668809714806826,0.745728112223123,0.6146841229981739
ETTh2,720,DLinear,zero,22387.2,0.6723568682283311,0.5671732144732706,0.7464149200014581,0.6150785049145232
ETTh2,720,DLinear,zero,25118.9,0.6729566715559031,0.5674884612209422,0.7471625188251179,0.615507339153181
ETTh2,720,DLinear,zero,28183.8,0.673603047616051,0.567827525976086,0.7479742983918353,0.6159725929231253
ETTh2,720,DLinear,zero,31622.8,0.674298305738163,0.5681914367485945,0.7488540768895109,0.6164762977207927
ETTh2,720,DLinear,zero,35481.3,0.6750449571841228,0.5685816789409484,0.7498059864334045,0.6170208108361069
ETTh2,720,DLinear,zero,39810.7,0.6758459752277143,0.5689996332664948,0.7508348228708747,0.6176085951484314
ETTh2,720,DLinear,zero,44668.4,0.6767047387171063,0.5694469705819922,0.7519460057774107,0.6182427062373174
ETTh2,720,DLinear,zero,50118.7,0.6776251403970928,0.5699257414341212,0.7531457589299396,0.6189263717797466
ETTh2,720,DLinear,zero,56234.1,0.6786117279520529,0.570438430841495,0.7544413502228148,0.6196633914441675
ETTh2,720,DLinear,zero,63095.7,0.6796696608890606,0.5709879890433872,0.7558411076243968,0.6204579758865038
ETTh2,720,DLinear,zero,70794.6,0.6808048002374362,0.5715772593389399,0.7573546252968026,0.6213153351504542
ETTh2,720,DLinear,zero,79432.8,0.6820236744785214,0.5722098508052991,0.7589928263739187,0.622240568505306
ETTh2,720,DLinear,zero,89125.1,0.6833335423486722,0.57288993704537,0.7607681772780961,0.6232398911092203
ETTh2,720,DLinear,zero,100000.0,0.6847422591788727,0.5736217046498668,0.7626946630892609,0.6243201696439598
ETTh2,720,DLinear,mean,0.0,0.6675578015162847,0.5646897750359542,0.7406606244391931,0.6116146307730229
ETTh2,720,DLinear,mean,0.01,0.6675577929389691,0.5646897700580413,0.7406606142679931,0.6116146262123143
ETTh2,720,DLinear,mean,0.0112202,0.6675577918923777,0.5646897694506492,0.7406606130269167,0.6116146256558256
ETTh2,720,DLinear,mean,0.0125893,0.6675577907180751,0.5646897687691387,0.7406606116343959,0.6116146250314302
ETTh2,720,DLinear,mean,0.0141254,0.6675577894005377,0.5646897680045001,0.7406606100720229,0.6116146243308733
ETTh2,720,DLinear,mean,0.0158489,0.6675577879222695,0.5646897671465797,0.7406606083190499,0.6116146235448525
ETTh2,720,DLinear,mean,0.0177828,0.667557786263545,0.5646897661839294,0.740660606352086,0.611614622662887
ETTh2,720,DLinear,mean,0.0199526,0.6675577844024954,0.5646897651038583,0.7406606041451974,0.6116146216733404
ETTh2,720,DLinear,mean,0.0223872,0.6675577823143357,0.56468976389198,0.7406606016689937,0.611614620563034
ETTh2,720,DLinear,mean,0.0251189,0.667557779971366,0.5646897625322179,0.7406605988906265,0.6116146193172379
ETTh2,720,DLinear,mean,0.0281838,0.6675577773426286,0.564689761006604,0.7406605957733844,0.6116146179194908
ETTh2,720,DLinear,mean,0.0316228,0.6675577743930496,0.5646897592947815,0.7406605922756749,0.6116146163511416
ETTh2,720,DLinear,mean,0.0354813,0.6675577710836983,0.5646897573741545,0.7406605883513315,0.6116146145914881
ETTh2,720,DLinear,mean,0.0398107,0.6675577673704993,0.5646897552191412,0.7406605839480868,0.6116146126171235
ETTh2,720,DLinear,mean,0.0446684,0.6675577632042349,0.5646897528011742,0.7406605790075744,0.611614610401878
ETTh2,720,DLinear,mean,0.0501187,0.6675577585297721,0.5646897500882524,0.7406605734644143,0.6116146079164325
ETTh2,720,DLinear,mean,0.0562341,0.667557753284951,0.5646897470443093,0.740660567244891,0.6116146051278072
ETTh2,720,DLinear,mean,0.0630957,0.6675577474002411,0.5646897436289848,0.7406605602665491,0.6116146019989724
ETTh2,720,DLinear,mean,0.0707946,0.6675577407975426,0.5646897397969358,0.7406605524367705,0.6116145984884345
ETTh2,720,DLinear,mean,0.0794328,0.6675577333894176,0.564689735497421,0.7406605436518611,0.6116145945496398
ETTh2,720,DLinear,mean,0.0891251,0.6675577250774617,0.5646897306733508,0.7406605337951218,0.6116145901302874
ETTh2,720,DLinear,mean,0.1,0.6675577157515367,0.5646897252607458,0.7406605227359357,0.6116145851719065
ETTh2,720,DLinear,mean,0.112202,0.6675577052878013,0.564689719187769,0.7406605103274341,0.6116145796085358
ETTh2,720,DLinear,mean,0.125893,0.6675576935475159,0.5646897123740018,0.7406604964050775,0.6116145733664153
ETTh2,720,DLinear,mean,0.141254,0.6675576803755918,0.5646897047294003,0.7406604807849339,0.6116145663630211
ETTh2,720,DLinear,mean,0.158489,0.6675576655972537,0.5646896961525091,0.740660463259721,0.6116145585054537
ETTh2,720,DLinear,mean,0.177828,0.6675576490154786,0.5646896865289084,0.7406604435957667,0.6116145496889812
ETTh2,720,DLinear,mean,0.199526,0.6675576304118656,0.5646896757317378,0.7406604215340384,0.6116145397974262
ETTh2,720,DLinear,mean,0.223872,0.667557609538935,0.5646896636176172,0.7406603967810097,0.611614528699219
ETTh2,720,DLinear,mean,0.251189,0.6675575861201495,0.5646896500263734,0.7406603690086805,0.6116145162472165
ETTh2,720,DLinear,mean,0.281838,0.6675575598465088,0.5646896347781931,0.7406603378505373,0.6116145022770015
ETTh2,720,DLinear,mean,0.316228,0.6675575303680107,0.5646896176696332,0.7406603028914195,0.6116144866026582
ETTh2,720,DLinear,mean,0.354813,0.6675574972962621,0.5646895984754194,0.7406602636706121,0.6116144690177543
ETTh2,720,DLinear,mean,0.398107,0.6675574601916724,0.5646895769411524,0.7406602196666497,0.6116144492881274
ETTh2,720,DLinear,mean,0.446684,0.6675574185635187,0.5646895527812321,0.7406601702973844,0.6116144271533063
ETTh2,720,DLinear,mean,0.501187,0.6675573718623117,0.5646895256772029,0.7406601149109205,0.6116144023205039
ETTh2,720,DLinear,mean,0.562341,0.6675573194687576,0.5646894952706654,0.7406600527725095,0.6116143744599312
ETTh2,720,DLinear,mean,0.630957,0.6675572606904602,0.5646894611598691,0.7406599830606181,0.6116143432030059
ETTh2,720,DLinear,mean,0.707946,0.6675571947500852,0.5646894228936453,0.7406599048528701,0.6116143081360491
ETTh2,720,DLinear,mean,0.794328,0.6675571207778542,0.5646893799675846,0.7406598171171133,0.6116142687971539
ETTh2,720,DLinear,mean,0.891251,0.6675570377955264,0.5646893318126839,0.7406597186923835,0.6116142246653137
ETTh2,720,DLinear,mean,1.0,0.6675569447090125,0.5646892777935426,0.7406596082800975,0.6116141751606785
ETTh2,720,DLinear,mean,1.12202,0.6675568402890867,0.5646892171985538,0.7406594844211166,0.6116141196241588
ETTh2,720,DLinear,mean,1.25893,0.6675567231599115,0.5646891492284377,0.7406593454820615,0.6116140573236173
ETTh2,720,DLinear,mean,1.41254,0.6675565917851234,0.5646890729906121,0.7406591896387131,0.6116139874441087
ETTh2,720,DLinear,mean,1.58489,0.6675564444352707,0.5646889874769375,0.7406590148372714,0.6116139090640521
ETTh2,720,DLinear,mean,1.77828,0.6675562791631819,0.5646888915622365,0.7406588187649837,0.6116138211533368
ETTh2,720,DLinear,mean,1.99526,0.6675560938137715,0.5646887839989206,0.7406585988615942,0.61161372256353
ETTh2,720,DLinear,mean,2.23872,0.6675558859487202,0.5646886633685695,0.740658352229753,0.6116136119969299
ETTh2,720,DLinear,mean,2.51189,0.6675556528484996,0.5646885280950142,0.7406580756371194,0.6116134880063334
ETTh2,720,DLinear,mean,2.81838,0.6675553914807131,0.5646883764124823,0.7406577654784325,0.6116133489732877
ETTh2,720,DLinear,mean,3.16228,0.6675550984179662,0.5646882063214208,0.740657417677587,0.6116131930863199
ETTh2,720,DLinear,mean,3.54813,0.6675547698674204,0.5646880156230502,0.7406570277221166,0.611613018328146
ETTh2,720,DLinear,mean,3.98107,0.6675544015479676,0.5646878018463706,0.7406565905166915,0.611612822390174
ETTh2,720,DLinear,mean,4.46684,0.6675539886965467,0.5646875622312159,0.7406561003896813,0.6116126027271962
ETTh2,720,DLinear,mean,5.01187,0.66755352599939,0.5646872936849338,0.7406555510103884,0.6116123565332027
ETTh2,720,DLinear,mean,5.62341,0.6675530074914828,0.5646869927182359,0.7406549352682155,0.6116120806332612
ETTh2,720,DLinear,mean,6.30957,0.6675524265350459,0.5646866554816845,0.7406542452452723,0.611611771484591
ETTh2,720,DLinear,mean,7.07946,0.6675517757163661,0.5646862776898945,0.7406534720915524,0.6116114251600948
ETTh2,720,DLinear,mean,7.94328,0.667551046789056,0.5646858545219174,0.7406526059546431,0.6116110372113029
ETTh2,720,DLinear,mean,8.91251,0.6675502305379057,0.564685380635089,0.7406516358143369,0.611610602697476
ETTh2,720,DLinear,mean,10.0,0.6675493167335225,0.564684849990653,0.7406505494241596,0.6116101161751659
ETTh2,720,DLinear,mean,11.2202,0.6675482939768879,0.5646842560216666,0.740649333120886,0.6116095716373209
ETTh2,720,DLinear,mean,12.5893,0.6675471496295589,0.5646835914039122,0.7406479717343635,0.6116089622988922
ETTh2,720,DLinear,mean,14.1254,0.6675458697303172,0.5646828479300162,0.7406464484794658,0.611608280584052
ETTh2,720,DLinear,mean,15.8489,0.6675444387436565,0.564682016580281,0.7406447446455976,0.6116075183215129
ETTh2,720,DLinear,mean,17.7828,0.6675428394039851,0.5646810872265007,0.7406428393969519,0.6116066661553238
ETTh2,720,DLinear,mean,19.9526,0.6675410529126952,0.5646800492197144,0.7406407099897256,0.6116057141185743
ETTh2,720,DLinear,mean,22.3872,0.6675390583371092,0.5646788902574823,0.7406383310340888,0.6116046510092505
ETTh2,720,DLinear,mean,25.1189,0.6675368327899021,0.5646775972001871,0.7406356746803181,0.6116034646436967
ETTh2,720,DLinear,mean,28.1838,0.6675343513189828,0.5646761551293671,0.7406327104535962,0.6116021413386842
ETTh2,720,DLinear,mean,31.6228,0.6675315863681337,0.5646745482420195,0.7406294045670886,0.6116006660391184
ETTh2,720,DLinear,mean,35.4813,0.6675285083547543,0.5646727591475139,0.7406257205591551,0.6115990227376205
ETTh2,720,DLinear,mean,39.8107,0.6675250848772589,0.5646707688939984,0.7406216182797366,0.6115971944966183
ETTh2,720,DLinear,mean,44.6684,0.6675212812257609,0.5646685577037778,0.7406170544192789,0.6115951620915204
ETTh2,720,DLinear,mean,50.1187,0.6675170602849204,0.5646661037095,0.7406119822921126,0.6115929054182572
ETTh2,720,DLinear,mean,56.2341,0.6675123822778937,0.5646633825621286,0.7406063514034343,0.6115904029993164
ETTh2,720,DLinear,mean,63.0957,0.6675072053794321,0.5646603689665999,0.7406001080314836,0.6115876316935916
ETTh2,720,DLinear,mean,70.7946,0.667501485755787,0.5646570373126496,0.740593195086556,0.6115845676863744
ETTh2,720,DLinear,mean,79.4328,0.6674951782232241,0.5646533614744124,0.7405855526735741,0.6115811850648062
ETTh2,720,DLinear,mean,89.1251,0.6674882364471494,0.5646493125463611,0.7405771180484415,0.6115774578062044
ETTh2,720,DLinear,mean,100.0,0.6674806142008205,0.5646448651670883,0.7405678267976071,0.6115733585650911
ETTh2,720,DLinear,mean,112.202,0.6674722659862291,0.5646399936773813,0.7405576131736068,0.6115688628506516
ETTh2,720,DLinear,mean,125.893,0.6674631487223014,0.5646346693831723,0.7405464116469374,0.6115639450413946
ETTh2,720,DLinear,mean,141.254,0.6674532236509854,0.5646288676222326,0.740534158639075,0.6115585779466605
ETTh2,720,DLinear,mean,158.489,0.6674424573417393,0.5646225634733094,0.7405207930315736,0.6115527358159165
ETTh2,720,DLinear,mean,177.828,0.6674308239808276,0.5646157427201396,0.7405062581121468,0.6115464077390395
ETTh2,720,DLinear,mean,199.526,0.6674183105753494,0.5646083937419749,0.7404905070432429,0.6115395822230394
ETTh2,720,DLinear,mean,223.872,0.6674049167728799,0.5646005155986569,0.7404735014564998,0.6115322517011273
ETTh2,720,DLinear,mean,251.189,0.6673906607730365,0.5645921203486305,0.7404552175010797,0.611524410027791
ETTh2,720,DLinear,mean,281.838,0.6673755833036327,0.5645832196020356,0.7404356493620499,0.6115160764394697
ETTh2,720,DLinear,mean,316.228,0.6673597494176933,0.5645738518791107,0.7404148097382598,0.6115072805764594
ETTh2,720,DLinear,mean,354.813,0.6673432571566147,0.5645640561558479,0.7403927391045715,0.6114980596134
ETTh2,720,DLinear,mean,398.107,0.6673262381801189,0.5645539219530613,0.7403695043366031,0.6114884609353184
ETTh2,720,DLinear,mean,446.684,0.6673088656461741,0.5645435499853615,0.7403452068015961,0.6114785424363631
ETTh2,720,DLinear,mean,501.187,0.6672913580945281,0.5645330326547644,0.7403199851903074,0.6114684064226409
ETTh2,720,DLinear,mean,562.341,0.6672739825680458,0.564522520597974,0.740294017106119,0.6114581893761675
ETTh2,720,DLinear,mean,630.957,0.6672570606658085,0.5645121760467937,0.7402675249664757,0.6114480273485866
ETTh2,720,DLinear,mean,707.946,0.6672409711775497,0.564502206064932,0.7402407772131759,0.6114380928051285
ETTh2,720,DLinear,mean,794.328,0.6672261538361114,0.5644928666340326,0.740214091532915,0.6114285854134893
ETTh2,720,DLinear,mean,891.251,0.667213110766958,0.5644844086444396,0.7401878346360599,0.6114197161531937
ETTh2,720,DLinear,mean,1000.0,0.6672024094440676,0.5644771796033473,0.7401624252147714,0.6114117449204828
ETTh2,720,DLinear,mean,1122.02,0.6671946831567231,0.5644715522464815,0.7401383328395443,0.6114049793190771
ETTh2,720,DLinear,mean,1258.93,0.667190632349812,0.5644679145100684,0.7401160793355965,0.6113997539798748
ETTh2,720,DLinear,mean,1412.54,0.6671910245411438,0.5644666616404707,0.7400962386982708,0.6113964263844913
ETTh2,720,DLinear,mean,1584.89,0.6671966941342602,0.5644682346759651,0.7400794343942183,0.6113953571371067
ETTh2,720,DLinear,mean,1778.28,0.6672085438095592,0.5644731344816379,0.7400663398588238,0.6113969560010559
ETTh2,720,DLinear,mean,1995.26,0.6672275416655603,0.5644819120375094,0.7400576801195816,0.6114017080471642
ETTh2,720,DLinear,mean,2238.72,0.6672547240877024,0.5644951480741521,0.7400542264186073,0.611410125887821
ETTh2,720,DLinear,mean,2511.89,0.667291192789922,0.564513531675506,0.7400567966738983,0.61142272863693
ETTh2,720,DLinear,mean,2818.38,0.6673381119671093,0.564537672296232,0.7400662506739194,0.6114399994877839
ETTh2,720,DLinear,mean,3162.28,0.6673967145166818,0.5645682056984163,0.7400834868334476,0.6114625341736045
ETTh2,720,DLinear,mean,3548.13,0.6674682857737,0.56460587052551,0.7401094318743672,0.6114909728453436
ETTh2,720,DLinear,mean,3981.07,0.6675541737398432,0.5646514745790308,0.7401450346451774,0.6115260447700914
ETTh2,720,DLinear,mean,4466.84,0.6676557702184491,0.5647058105412615,0.7401912481883155,0.611568525822187
ETTh2,720,DLinear,mean,5011.87,0.6677745029738968,0.5647697258480342,0.7402490111682142,0.6116190510645275
ETTh2,720,DLinear,mean,5623.41,0.667911833233217,0.5648440381071227,0.7403192295576297,0.6116782186496174
ETTh2,720,DLinear,mean,6309.57,0.668069228391707,0.5649295321778808,0.7404027426994283,0.6117466107052905
ETTh2,720,DLinear,mean,7079.46,0.668248150989945,0.5650270547522709,0.7405002934111822,0.6118248408949947
ETTh2,720,DLinear,mean,7943.28,0.6684500315077948,0.5651373738712455,0.740612486288099,0.6119135045297429
ETTh2,720,DLinear,mean,8912.51,0.6686762597923086,0.5652611592735005,0.7407397529455788,0.6120130562383631
ETTh2,720,DLinear,mean,10000.0,0.6689281494223462,0.5653990334699883,0.7408822993960703,0.6121239069928386
ETTh2,720,DLinear,mean,11220.2,0.6692069319890215,0.5655518382261915,0.7410400676117637,0.6122464130686044
ETTh2,720,DLinear,mean,12589.3,0.6695137290460687,0.5657200345698608,0.7412126826641958,0.6123806800995586
ETTh2,720,DLinear,mean,14125.4,0.6698495320543314,0.5659041755813653,0.7413994034254844,0.6125267763249996
ETTh2,720,DLinear,mean,15848.9,0.6702152318376957,0.5661048623019802,0.7415991007153847,0.6126844284408703
ETTh2,720,DLinear,mean,17782.8,0.6706116262384308,0.5663224992456016,0.741810222554004,0.6128533865225827
ETTh2,720,DLinear,mean,19952.6,0.6710393510584848,0.5665573826772399,0.7420307211565605,0.6130331500387399
ETTh2,720,DLinear,mean,22387.2,0.6714990184118547,0.5668098323076644,0.7422580931614535,0.6132229239283823
ETTh2,720,DLinear,mean,25118.9,0.6719911710769911,0.567080330888461,0.7424893249721544,0.613421859155131
ETTh2,720,DLinear,mean,28183.8,0.6725163238711285,0.567369024584135,0.7427208910821591,0.6136287859093932
ETTh2,720,DLinear,mean,31622.8,0.6730751004117038,0.5676764391479048,0.7429487959889418,0.6138423641477531
ETTh2,720,DLinear,mean,35481.3,0.673668144042889,0.5680030867818935,0.7431685219107311,0.614061020599805
ETTh2,720,DLinear,mean,39810.7,0.6742963184733489,0.5683496040783622,0.7433751014444774,0.6142829402198984
ETTh2,720,DLinear,mean,44668.4,0.674960651513157,0.5687168795619676,0.7435630868043845,0.6145062733162994
ETTh2,720,DLinear,mean,50118.7,0.6756624080270349,0.5691056734343565,0.7437265716089124,0.6147289909647413
ETTh2,720,DLinear,mean,56234.1,0.6764031796852262,0.5695174684547915,0.7438591993080809,0.6149490380388708
ETTh2,720,DLinear,mean,63095.7,0.6771848270202581,0.5699539307842866,0.7439541231428091,0.6151639340289431
ETTh2,720,DLinear,mean,70794.6,0.6780095147134714,0.5704167408028609,0.7440039716679638,0.6153709613435733
ETTh2,720,DLinear,mean,79432.8,0.6788796438944686,0.5709082016351481,0.7440007728720307,0.6155671016629309
ETTh2,720,DLinear,mean,89125.1,0.679797841889933,0.5714302616583953,0.743935848395258,0.6157492551379493
ETTh2,720,DLinear,mean,100000.0,0.6807667970550405,0.5719850141714109,0.743799669595535,0.6159138191935674
ETTh2,720,DLinear,last,0.0,0.6675578015162847,0.5646897750359542,0.7406606244391931,0.6116146307730229
ETTh2,720,DLinear,last,0.01,0.6675577850276369,0.5646897679905434,0.7406606074406654,0.6116146232761132
ETTh2,720,DLinear,last,0.0112202,0.6675577830157142,0.5646897671308662,0.7406606053665292,0.6116146223613508
ETTh2,720,DLinear,last,0.0125893,0.6675577807582844,0.5646897661662944,0.7406606030392944,0.6116146213349958
ETTh2,720,DLinear,last,0.0141254,0.667557778225505,0.5646897650840692,0.740660600428196,0.6116146201834717
ETTh2,720,DLinear,last,0.0158489,0.6675577753837426,0.5646897638698172,0.7406605974985608,0.6116146188914712
ETTh2,720,DLinear,last,0.0177828,0.6675577721950775,0.5646897625073356,0.7406605942112966,0.6116146174417606
ETTh2,720,DLinear,last,0.0199526,0.6675577686174687,0.5646897609786629,0.7406605905230629,0.6116146158152543
ETTh2,720,DLinear,last,0.0223872,0.6675577646032709,0.5646897592634356,0.7406605863847409,0.6116146139902561
ETTh2,720,DLinear,last,0.0251189,0.667557760099234,0.5646897573388991,0.7406605817414347,0.6116146119425527
ETTh2,720,DLinear,last,0.0281838,0.6675577550458445,0.5646897551796216,0.7406605765317913,0.611614609645115
ETTh2,720,DLinear,last,0.0316228,0.6675577493756777,0.5646897527567902,0.7406605706863014,0.6116146070672973
ETTh2,720,DLinear,last,0.0354813,0.6675577430138921,0.5646897500384299,0.7406605641278101,0.6116146041751617
ETTh2,720,DLinear,last,0.0398107,0.6675577358757576,0.5646897469883392,0.7406605567689689,0.6116146009301566
ETTh2,720,DLinear,last,0.0446684,0.6675577278666569,0.5646897435660901,0.7406605485122356,0.6116145972892129
ETTh2,720,DLinear,last,0.0501187,0.6675577188806023,0.564689739726393,0.7406605392483476,0.6116145932041182
ETTh2,720,DLinear,last,0.0562341,0.667557708798095,0.564689735418177,0.7406605288541128,0.611614588620551
ETTh2,720,DLinear,last,0.0630957,0.6675576974854671,0.5646897305843284,0.7406605171917335,0.6116145834777234
ETTh2,720,DLinear,last,0.0707946,0.6675576847925768,0.5646897251606581,0.7406605041064284,0.6116145777073879
ETTh2,720,DLinear,last,0.0794328,0.6675576705513274,0.5646897190753155,0.7406604894249083,0.6116145712332686
ETTh2,720,DLinear,last,0.0891251,0.6675576545725401,0.5646897122475334,0.7406604729521504,0.611614563969271
ETTh2,720,DLinear,last,0.1,0.6675576366444755,0.5646897045867465,0.7406604544698758,0.6116145558191762
ETTh2,720,DLinear,last,0.112202,0.6675576165290488,0.5646896959913925,0.7406604337326476,0.6116145466746735
ETTh2,720,DLinear,last,0.125893,0.6675575939595308,0.5646896863474551,0.7406604104655009,0.6116145364146288
ETTh2,720,DLinear,last,0.141254,0.667557568637757,0.5646896755274478,0.7406603843610668,0.6116145249036216
ETTh2,720,DLinear,last,0.158489,0.6675575402277114,0.5646896633877384,0.7406603550729592,0.6116145119884465
ETTh2,720,DLinear,last,0.177828,0.6675575083506005,0.5646896497667435,0.7406603222106966,0.6116144974976293
ETTh2,720,DLinear,last,0.199526,0.6675574725865232,0.5646896344851982,0.7406602853414245,0.6116144812401468
ETTh2,720,DLinear,last,0.223872,0.6675574324596638,0.5646896173396071,0.7406602439746542,0.6116144629994287
ETTh2,720,DLinear,last,0.251189,0.6675573874383282,0.5646895981028001,0.740660197562301,0.6116144425336684
ETTh2,720,DLinear,last,0.281838,0.667557336928395,0.5646895765213055,0.7406601454919348,0.6116144195730772
ETTh2,720,DLinear,last,0.316228,0.6675572802568911,0.564689552308493,0.7406600870698528,0.6116143938113999
ETTh2,720,DLinear,last,0.354813,0.6675572166770064,0.5646895251445357,0.7406600215262524,0.611614364908436
ETTh2,720,DLinear,last,0.398107,0.6675571453434639,0.5646894946679701,0.7406599479898458,0.611614332479679
ETTh2,720,DLinear,last,0.446684,0.6675570653126325,0.5646894604753376,0.7406598654879825,0.6116142960960407
ETTh2,720,DLinear,last,0.501187,0.6675569755278381,0.5646894221177596,0.7406597729315151,0.6116142552779237
ETTh2,720,DLinear,last,0.562341,0.6675568747981236,0.5646893790881743,0.7406596690929135,0.6116142094827786
ETTh2,720,DLinear,last,0.630957,0.6675567617918844,0.564689330814778,0.7406595525997163,0.6116141581059952
ETTh2,720,DLinear,last,0.707946,0.6675566350140882,0.564689276660531,0.7406594219110643,0.6116141004647004
ETTh2,720,DLinear,last,0.794328,0.667556492791806,0.5646892159102954,0.7406592753028046,0.6116140358001737
ETTh2,720,DLinear,last,0.891251,0.6675563332433699,0.5646891477636463,0.7406591108357231,0.6116139632628931
ETTh2,720,DLinear,last,1.0,0.6675561542641167,0.564689071320031,0.7406589263408794,0.6116138818906673
ETTh2,720,DLinear,last,1.12202,0.6675559534892312,0.5646889855720013,0.7406587193813462,0.611613790610188
ETTh2,720,DLinear,last,1.25893,0.6675557282715928,0.5646888893896905,0.7406584872294226,0.6116136882236163
ETTh2,720,DLinear,last,1.41254,0.6675554756549096,0.564688781511858,0.7406582268390051,0.6116135733948271
ETTh2,720,DLinear,last,1.58489,0.6675551923109665,0.5646886605215937,0.7406579347809831,0.6116134446102894
ETTh2,720,DLinear,last,1.77828,0.6675548744920807,0.5646885248207612,0.740657607194334,0.6116133001680553
ETTh2,720,DLinear,last,1.99526,0.6675545180497359,0.5646883726497532,0.7406572398054564,0.6116131381773845
ETTh2,720,DLinear,last,2.23872,0.6675541182894643,0.564688201999181,0.7406568277787512,0.6116129565135063
ETTh2,720,DLinear,last,2.51189,0.6675536699743827,0.5646880106456879,0.7406563657204689,0.6116127528058247
ETTh2,720,DLinear,last,2.81838,0.6675531672638718,0.5646877960978464,0.740655847615758,0.6116125243717809
ETTh2,720,DLinear,last,3.16228,0.6675526035550596,0.5646875555667805,0.7406552666656095,0.6116122682412558
ETTh2,720,DLinear,last,3.54813,0.6675519715389711,0.564687285952562,0.7406546153451242,0.6116119811188279
ETTh2,720,DLinear,last,3.98107,0.6675512629634048,0.5646869837164167,0.7406538851596407,0.6116116592263379
ETTh2,720,DLinear,last,4.46684,0.6675504686439886,0.5646866449947189,0.7406530666567621,0.6116112984472573
ETTh2,720,DLinear,last,5.01187,0.6675495783305601,0.5646862654395518,0.7406521492894523,0.6116108940382164
ETTh2,720,DLinear,last,5.62341,0.6675485805120177,0.5646858402822623,0.7406511212159458,0.6116104407824642
ETTh2,720,DLinear,last,6.30957,0.6675474623727841,0.5646853639885839,0.740649969256148,0.6116099328926248
ETTh2,720,DLinear,last,7.07946,0.6675462095916159,0.564684830494944,0.7406486786859182,0.6116093639256361
ETTh2,720,DLinear,last,7.94328,0.6675448062290941,0.5646842331071686,0.7406472331231326,0.6116087265980278
ETTh2,720,DLinear,last,8.91251,0.6675432344614206,0.564683564508217,0.7406456142559411,0.6116080129022189
ETTh2,720,DLinear,last,10.0,0.6675414744879602,0.5646828165934407,0.7406438017506524,0.6116072137856982
ETTh2,720,DLinear,last,11.2202,0.667539504225557,0.5646819798016783,0.740641772940806,0.611606319233005
ETTh2,720,DLinear,last,12.5893,0.6675372991662081,0.5646810436263229,0.7406395026855168,0.6116053181414379
ETTh2,720,DLinear,last,14.1254,0.6675348322068444,0.5646799969425071,0.7406369632002967,0.6116041987007296
ETTh2,720,DLinear,last,15.8489,0.6675320731526515,0.5646788274685647,0.7406341235534117,0.6116029470174382
ETTh2,720,DLinear,last,17.7828,0.6675289884017335,0.5646775216744738,0.7406309493510789,0.6116015481775284
ETTh2,720,DLinear,last,19.9526,0.6675255413071699,0.5646760644628225,0.7406274031220492,0.6115999854408245
ETTh2,720,DLinear,last,22.3872,0.6675216909955655,0.5646744383323444,0.7406234431169977,0.6115982408870498
ETTh2,720,DLinear,last,25.1189,0.6675173926859896,0.5646726256891191,0.740619023655683,0.6115962940808674
ETTh2,720,DLinear,last,28.1838,0.6675125974451506,0.5646706067812719,0.7406140948984385,0.6115941232958922
ETTh2,720,DLinear,last,31.6228,0.6675072511057472,0.5646683596621102,0.7406086017637682,0.6115917046513386
ETTh2,720,DLinear,last,35.4813,0.66750129533584,0.5646658614934752,0.7406024850640229,0.6115890118412387
ETTh2,720,DLinear,last,39.8107,0.6674946660500721,0.5646630882432662,0.7405956799186154,0.6115860185410205
ETTh2,720,DLinear,last,44.6684,0.6674872943309725,0.564660015233519,0.7405881167572812,0.611582694252653
ETTh2,720,DLinear,last,50.1187,0.6674791061645309,0.5646566130732222,0.740579721118342,0.6115790043531956
ETTh2,720,DLinear,last,56.2341,0.6674700218539867,0.5646528514171307,0.7405704131350429,0.6115749148965208
ETTh2,720,DLinear,last,63.0957,0.6674599571074697,0.5646487025885876,0.7405601087590423,0.6115703900929335
ETTh2,720,DLinear,last,70.7946,0.667448823003192,0.5646441353928023,0.7405487198578321,0.6115653904472503
ETTh2,720,DLinear,last,79.4328,0.6674365271478829,0.5646391169053782,0.7405361555647438,0.611559875680556
ETTh2,720,DLinear,last,89.1251,0.6674229739354804,0.5646336115667131,0.7405223227461881,0.6115538079655455
ETTh2,720,DLinear,last,100.0,0.6674080668725848,0.5646275924299874,0.7405071286260969,0.6115471440620603
ETTh2,720,DLinear,last,112.202,0.6673917096725586,0.5646210331037053,0.7404904822063368,0.6115398455167705
ETTh2,720,DLinear,last,125.893,0.6673738094631454,0.564613909884687,0.740472297907094,0.6115318746340997
ETTh2,720,DLinear,last,141.254,0.667354280478451,0.5646062074209118,0.7404524997696232,0.6115231970378323
ETTh2,720,DLinear,last,158.489,0.6673330460543342,0.5645979303855965,0.7404310240305101,0.611513792547104
ETTh2,720,DLinear,last,177.828,0.6673100432525367,0.56458908465482,0.7404078244848957,0.6115036546323162
ETTh2,720,DLinear,last,199.526,0.6672852334283683,0.564579694135421,0.7403828839561435,0.6114927771360884
ETTh2,720,DLinear,last,223.872,0.6672586023815312,0.5645698013576728,0.7403562154012286,0.6114811523359492
ETTh2,720,DLinear,last,251.189,0.6672301728545929,0.5645594881856376,0.7403278756323479,0.6114688264997047
ETTh2,720,DLinear,last,281.838,0.6672000136139571,0.5645488208292353,0.7402979757399761,0.6114558314559376
ETTh2,720,DLinear,last,316.228,0.6671682446242524,0.5645379389405433,0.7402666878922172,0.6114422717891169
ETTh2,720,DLinear,last,354.813,0.6671350565347293,0.5645270605670899,0.7402342665407062,0.6114282776141735
ETTh2,720,DLinear,last,398.107,0.6671007147302462,0.5645163694821315,0.7402010546371246,0.6114139812401586
ETTh2,720,DLinear,last,446.684,0.6670655786593757,0.5645061871628588,0.7401675051546499,0.6113996014403429
ETTh2,720,DLinear,last,501.187,0.6670301139108137,0.5644969054173021,0.7401341957137563,0.6113853757301512
ETTh2,720,DLinear,last,562.341,0.666994903471284,0.5644889209799143,0.7401018428743118,0.6113715916279792
ETTh2,720,DLinear,last,630.957,0.6669606655982433,0.5644827595434478,0.740071322947109,0.6113586928103998
ETTh2,720,DLinear,last,707.946,0.6669282652741165,0.5644790665287578,0.7400436870064699,0.611347205897512
ETTh2,720,DLinear,last,794.328,0.6668987281373608,0.5644785581317165,0.7400201783424478,0.611337623165534
ETTh2,720,DLinear,last,891.251,0.666873249617511,0.5644819564921287,0.7400022459262511,0.6113304734122523
ETTh2,720,DLinear,last,1000.0,0.6668532063983748,0.5644901408538647,0.739991559637981,0.6113266143898374
ETTh2,720,DLinear,last,1122.02,0.6668401616531853,0.5645042242035558,0.7399900203080769,0.6113268793231004
ETTh2,720,DLinear,last,1258.93,0.6668358699284497,0.5645252781274258,0.7399997685685789,0.6113321701409001
ETTh2,720,DLinear,last,1412.54,0.666842276184171,0.5645546654195491,0.7400231875865296,0.6113435357004254
ETTh2,720,DLinear,last,1584.89,0.6668615117553639,0.5645936408365442,0.7400629045895862,0.6113622108928277
ETTh2,720,DLinear,last,1778.28,0.6668958892293243,0.5646436543883778,0.7401217899131725,0.6113893320460181
ETTh2,720,DLinear,last,1995.26,0.6669478809170781,0.5647060687661077,0.7402029328977632,0.6114261744247045
ETTh2,720,DLinear,last,2238.72,0.6670201083540925,0.5647828681541143,0.7403096397495106,0.6114742639379126
ETTh2,720,DLinear,last,2511.89,0.6671153088323232,0.5648756064332204,0.7404453948741521,0.6115348300716696
ETTh2,720,DLinear,last,2818.38,0.6672362970933674,0.5649859910303904,0.7406138192323666,0.6116096788488539
ETTh2,720,DLinear,last,3162.28,0.6673859441230847,0.5651158219605699,0.7408186521579612,0.611700654732187
ETTh2,720,DLinear,last,3548.13,0.667567092668613,0.5652666746026311,0.7410636457655049,0.6118093344353693
ETTh2,720,DLinear,last,3981.07,0.6677825361565245,0.5654402246786921,0.7413525469124833,0.6119373049397592
ETTh2,720,DLinear,last,4466.84,0.6680349202175455,0.565637876944284,0.7416889731350291,0.6120860540317422
ETTh2,720,DLinear,last,5011.87,0.6683266712528344,0.5658609644300172,0.7420763254192709,0.6122571849533467
ETTh2,720,DLinear,last,5623.41,0.6686599381293618,0.5661105176537765,0.7425177170910603,0.6124519496716329
ETTh2,720,DLinear,last,6309.57,0.669036475805306,0.5663874286723439,0.7430158247209103,0.612671328443111
ETTh2,720,DLinear,last,7079.46,0.6694575748830585,0.5666928597167457,0.743572798915846,0.6129161314099761
ETTh2,720,DLinear,last,7943.28,0.6699239609243965,0.5670272731629913,0.7441901333875212,0.6131868724942867
ETTh2,720,DLinear,last,8912.51,0.6704357487946291,0.5673904648441279,0.7448686046331742,0.6134840136256744
ETTh2,720,DLinear,last,10000.0,0.6709923483480593,0.5677819744480131,0.7456081441280072,0.6138077200999965
ETTh2,720,DLinear,last,11220.2,0.6715924551071075,0.5682008371198475,0.7464078188541319,0.6141578854645715
ETTh2,720,DLinear,last,12589.3,0.6722340091233642,0.5686456879954689,0.7472657638540313,0.6145337766412436
ETTh2,720,DLinear,last,14125.4,0.6729141945659387,0.5691149287320871,0.748179160873459,0.6149342008958258
ETTh2,720,DLinear,last,15848.9,0.6736295595035448,0.5696065559113002,0.7491443688323264,0.6153580760418242
ETTh2,720,DLinear,last,17782.8,0.6743761014894362,0.5701180837098327,0.7501569987760599,0.6158033452878299
ETTh2,720,DLinear,last,19952.6,0.6751492335607661,0.5706468271324916,0.751211812229755,0.616268031251046
ETTh2,720,DLinear,last,22387.2,0.6759441552475618,0.5711900490886145,0.7523031551284343,0.6167496374378693
ETTh2,720,DLinear,last,25118.9,0.6767558856400864,0.5717451664686787,0.7534249198217563,0.6172460521671955
ETTh2,720,DLinear,last,28183.8,0.6775794745443747,0.572308988542135,0.7545707341779853,0.6177541703824476
ETTh2,720,DLinear,last,31622.8,0.6784103550237651,0.5728789336141501,0.7557343380782555,0.6182720264377671
ETTh2,720,DLinear,last,35481.3,0.6792443424238558,0.5734528883615374,0.7569094591379554,0.6187974024235565
ETTh2,720,DLinear,last,39810.7,0.680078067622116,0.57402915116361,0.7580902902588944,0.6193283365793001
ETTh2,720,DLinear,last,44668.4,0.6809090174997031,0.5746065063288979,0.7592714180849414,0.6198623104441792
ETTh2,720,DLinear,last,50118.7,0.6817357546949525,0.5751845886294266,0.7604480096028081,0.6203980181515738
ETTh2,720,DLinear,last,56234.1,0.6825581184773939,0.5757637918391914,0.761615987794884,0.6209343744252607
ETTh2,720,DLinear,last,63095.7,0.6833772241109726,0.5763448498993758,0.7627719411153266,0.6214704108768512
ETTh2,720,DLinear,last,70794.6,0.6841955439173963,0.5769294259129928,0.7639131767953754,0.6220050121245768
ETTh2,720,DLinear,last,79432.8,0.685016837168976,0.577519606698053,0.7650375940716547,0.6225383214827492
ETTh2,720,DLinear,last,89125.1,0.6858460924805819,0.5781186597085948,0.7661436104210012,0.6230695445059581
ETTh2,720,DLinear,last,100000.0,0.6866892746571814,0.5787294478308328,0.7672298561415604,0.6235986214982122
