dataset,H,model,objective,lam,lam_convention,delta,k,train_obj,val_mse,val_mae,val_huber,test_mse,test_mae,n_iter,converged,seconds,init,derived_from,tol,patience,chunk,gram_dtype,gpu,torch_version,git_commit,timestamp,n_fallback
ETTh2,336,Linear,MAE,0.0,"Σ|r| + λ·Σ_h w_hᵀPen w_h (irls δ = 1e-6, tổng, không phạt bias)",1e-06,,0.431251252518255,0.37384982283032375,0.416163035708552,0.16311620352465342,0.41161767788647063,0.4301407207570657,453,True,247.73214810000354,ols,,3e-11,1,16,float32,NVIDIA GeForce RTX 5060 Ti,2.14.0+cu130,5481fa25b235,2026-10-02T22:29:27,0
ETTh2,336,Linear,MAE,1.0,"Σ|r| + λ·Σ_h w_hᵀPen w_h (irls δ = 1e-6, tổng, không phạt bias)",1e-06,,0.43125348789025575,0.3738497916886304,0.41616301028988134,0.16311618968367742,0.41161764722448746,0.4301406945189233,1,True,0.6034886000052211,warm,,1e-10,1,16,float32,NVIDIA GeForce RTX 5060 Ti,2.14.0+cu130,5481fa25b235,2026-10-02T22:29:29,0
ETTh2,336,Linear,MAE,3.0,"Σ|r| + λ·Σ_h w_hᵀPen w_h (irls δ = 1e-6, tổng, không phạt bias)",1e-06,,0.43125795667353534,0.37384829913396195,0.4161618106356579,0.1631155352411078,0.41161605541386426,0.43013945345531723,39,True,21.426477500004694,warm,,1e-10,1,16,float32,NVIDIA GeForce RTX 5060 Ti,2.14.0+cu130,5481fa25b235,2026-10-02T22:29:51,0
ETTh2,336,Linear,MAE,10.0,"Σ|r| + λ·Σ_h w_hᵀPen w_h (irls δ = 1e-6, tổng, không phạt bias)",1e-06,,0.43127354356203856,0.3738343487556259,0.4161512003536223,0.16310958867529124,0.4115985222013505,0.43012767686728093,219,True,120.109249000001,warm,,1e-10,1,16,float32,NVIDIA GeForce RTX 5060 Ti,2.14.0+cu130,5481fa25b235,2026-10-02T22:31:52,0
ETTh2,336,Linear,MAE,30.0,"Σ|r| + λ·Σ_h w_hᵀPen w_h (irls δ = 1e-6, tổng, không phạt bias)",1e-06,,0.43131772363005905,0.37380766678321625,0.4161309517830321,0.16309847298410254,0.41155893120614195,0.43010374787326133,258,True,141.97606120000273,warm,,1e-10,1,16,float32,NVIDIA GeForce RTX 5060 Ti,2.14.0+cu130,5481fa25b235,2026-10-02T22:34:15,0
ETTh2,336,Linear,MAE,100.0,"Σ|r| + λ·Σ_h w_hᵀPen w_h (irls δ = 1e-6, tổng, không phạt bias)",1e-06,,0.431468480870298,0.3737311494315197,0.4160739355031334,0.163066798237603,0.4114370754587623,0.43003486506247307,241,True,133.14190090000193,warm,,1e-10,1,16,float32,NVIDIA GeForce RTX 5060 Ti,2.14.0+cu130,5481fa25b235,2026-10-02T22:36:29,0
ETTh2,336,Linear,MAE,300.0,"Σ|r| + λ·Σ_h w_hᵀPen w_h (irls δ = 1e-6, tổng, không phạt bias)",1e-06,,0.4318708203729767,0.3735641993712502,0.41594965519269084,0.16299723657026347,0.4111471740807121,0.42986881306911956,187,True,104.82078449999972,warm,,1e-10,1,16,float32,NVIDIA GeForce RTX 5060 Ti,2.14.0+cu130,5481fa25b235,2026-10-02T22:38:15,0
ETTh2,336,Linear,MAE,1000.0,"Σ|r| + λ·Σ_h w_hᵀPen w_h (irls δ = 1e-6, tổng, không phạt bias)",1e-06,,0.43306027485684806,0.37338712407674474,0.41583231058634806,0.1629268694056719,0.41055934514096715,0.4296004533770731,142,True,79.36851700000261,warm,,1e-10,1,16,float32,NVIDIA GeForce RTX 5060 Ti,2.14.0+cu130,5481fa25b235,2026-10-02T22:39:35,0
ETTh2,336,Linear,MAE,3000.0,"Σ|r| + λ·Σ_h w_hᵀPen w_h (irls δ = 1e-6, tổng, không phạt bias)",1e-06,,0.43557030084139836,0.3738709326464092,0.4162504807357926,0.1631418872340083,0.4099927727540989,0.4295381955442635,120,True,66.58560880000005,warm,,1e-10,1,16,float32,NVIDIA GeForce RTX 5060 Ti,2.14.0+cu130,5481fa25b235,2026-10-02T22:40:43,0
ETTh2,336,Linear,MAE,10000.0,"Σ|r| + λ·Σ_h w_hᵀPen w_h (irls δ = 1e-6, tổng, không phạt bias)",1e-06,,0.44105169051732074,0.37670731887721565,0.4185631303558744,0.1643784561570854,0.4098286487657476,0.4303142303486889,110,True,60.769073800001934,warm,,1e-10,1,16,float32,NVIDIA GeForce RTX 5060 Ti,2.14.0+cu130,5481fa25b235,2026-10-02T22:41:45,0
ETTh2,336,NLinear,MAE,0.0,"Σ|r| + λ·Σ_h w_hᵀPen w_h (irls δ = 1e-6, tổng, không phạt bias)",1e-06,,0.43688917237010294,0.35689445367461414,0.40451923898627024,0.15678945787763876,0.37788942779022183,0.4038918645348032,445,True,243.5384486000039,ols,,3e-11,1,16,float32,NVIDIA GeForce RTX 5060 Ti,2.14.0+cu130,5481fa25b235,2026-10-02T22:45:51,0
ETTh2,336,NLinear,MAE,1.0,"Σ|r| + λ·Σ_h w_hᵀPen w_h (irls δ = 1e-6, tổng, không phạt bias)",1e-06,,0.43689099553931005,0.3568944314091716,0.40451921703464916,0.15678944714688783,0.37788943804171093,0.40389186058393894,1,True,0.5978566999983741,warm,,1e-10,1,16,float32,NVIDIA GeForce RTX 5060 Ti,2.14.0+cu130,5481fa25b235,2026-10-02T22:45:53,0
ETTh2,336,NLinear,MAE,3.0,"Σ|r| + λ·Σ_h w_hᵀPen w_h (irls δ = 1e-6, tổng, không phạt bias)",1e-06,,0.4368946409251264,0.3568937696890396,0.4045186004967439,0.15678913936226962,0.37788942251593083,0.4038915779200888,20,True,10.999402800000098,warm,,1e-10,1,16,float32,NVIDIA GeForce RTX 5060 Ti,2.14.0+cu130,5481fa25b235,2026-10-02T22:46:05,0
ETTh2,336,NLinear,MAE,10.0,"Σ|r| + λ·Σ_h w_hᵀPen w_h (irls δ = 1e-6, tổng, không phạt bias)",1e-06,,0.436907348744496,0.3568782136485317,0.40450542351830965,0.15678234384091472,0.37787747555733253,0.4038786273646926,209,True,114.53150669999741,warm,,1e-10,1,16,float32,NVIDIA GeForce RTX 5060 Ti,2.14.0+cu130,5481fa25b235,2026-10-02T22:48:00,0
ETTh2,336,NLinear,MAE,30.0,"Σ|r| + λ·Σ_h w_hᵀPen w_h (irls δ = 1e-6, tổng, không phạt bias)",1e-06,,0.436943328942923,0.35684084697739316,0.4044758909078976,0.15676670959612055,0.377831785235488,0.4038369411464523,251,True,136.93521820000024,warm,,1e-10,1,16,float32,NVIDIA GeForce RTX 5060 Ti,2.14.0+cu130,5481fa25b235,2026-10-02T22:50:18,0
ETTh2,336,NLinear,MAE,100.0,"Σ|r| + λ·Σ_h w_hᵀPen w_h (irls δ = 1e-6, tổng, không phạt bias)",1e-06,,0.43706574301586576,0.35672289409058255,0.40438224773643044,0.1567176670342604,0.3776922587434488,0.40370755941189,238,True,130.5290776999973,warm,,1e-10,1,16,float32,NVIDIA GeForce RTX 5060 Ti,2.14.0+cu130,5481fa25b235,2026-10-02T22:52:30,0
ETTh2,336,NLinear,MAE,300.0,"Σ|r| + λ·Σ_h w_hᵀPen w_h (irls δ = 1e-6, tổng, không phạt bias)",1e-06,,0.43738973590411806,0.35647539009458623,0.40419414478092663,0.15661661109540098,0.37735128970977555,0.40340361078962633,185,True,101.72389549999934,warm,,1e-10,1,16,float32,NVIDIA GeForce RTX 5060 Ti,2.14.0+cu130,5481fa25b235,2026-10-02T22:54:13,0
ETTh2,336,NLinear,MAE,1000.0,"Σ|r| + λ·Σ_h w_hᵀPen w_h (irls δ = 1e-6, tổng, không phạt bias)",1e-06,,0.43832987721147587,0.3560823943395925,0.4039128967851937,0.1564602343740621,0.37667110268275583,0.4028183101424203,138,True,77.89935549999791,warm,,1e-10,1,16,float32,NVIDIA GeForce RTX 5060 Ti,2.14.0+cu130,5481fa25b235,2026-10-02T22:55:32,0
ETTh2,336,NLinear,MAE,3000.0,"Σ|r| + λ·Σ_h w_hᵀPen w_h (irls δ = 1e-6, tổng, không phạt bias)",1e-06,,0.4402587824221572,0.35607969491745184,0.4040085038849464,0.15648747063896687,0.3759636545056213,0.4022790043084075,115,True,64.54337369999848,warm,,1e-10,1,16,float32,NVIDIA GeForce RTX 5060 Ti,2.14.0+cu130,5481fa25b235,2026-10-02T22:56:38,0
ETTh2,336,NLinear,MAE,10000.0,"Σ|r| + λ·Σ_h w_hᵀPen w_h (irls δ = 1e-6, tổng, không phạt bias)",1e-06,,0.44429383756227525,0.35754892225886253,0.4054476593875982,0.1571940805178364,0.3756287997363861,0.4022655503304728,99,True,54.975152300001355,warm,,1e-10,1,16,float32,NVIDIA GeForce RTX 5060 Ti,2.14.0+cu130,5481fa25b235,2026-10-02T22:57:34,0
ETTh1,720,Linear,MAE,0.0,"Σ|r| + λ·Σ_h w_hᵀPen w_h (irls δ = 1e-6, tổng, không phạt bias)",1e-06,,0.5046987420293788,1.2796404704619413,0.7694098626328766,0.43820574340670937,0.45684579163955946,0.47365726705543815,476,True,558.8666616000046,ols,,3e-11,1,16,float32,NVIDIA GeForce RTX 5060 Ti,2.14.0+cu130,5481fa25b235,2026-10-02T23:06:58,0
ETTh1,720,DLinear,MAE,0.0,"Σ|r| + λ·Σ_h w_hᵀPen w_h (irls δ = 1e-6, tổng, không phạt bias)",1e-06,25,0.5046987420293788,1.2796404704619413,0.7694098626328766,0.43820574340670937,0.45684579163955946,0.47365726705543815,476,True,0,ols,Linear,3e-11,1,16,float32,NVIDIA GeForce RTX 5060 Ti,2.14.0+cu130,5481fa25b235,2026-10-02T23:06:58,0
ETTh1,720,DLinear,MAE,1.0,"Σ|r| + λ·Σ_h w_hᵀPen w_h (irls δ = 1e-6, tổng, không phạt bias)",1e-06,25,0.5047004024679472,1.2796405295800224,0.7694098772663057,0.43820575807274365,0.4568457704667052,0.47365725263320757,1,True,1.2739453000031062,warm,,1e-10,1,16,float32,NVIDIA GeForce RTX 5060 Ti,2.14.0+cu130,5481fa25b235,2026-10-02T23:07:01,0
ETTh1,720,DLinear,MAE,3.0,"Σ|r| + λ·Σ_h w_hᵀPen w_h (irls δ = 1e-6, tổng, không phạt bias)",1e-06,25,0.5047037233265456,1.2796405428154887,0.7694098756866758,0.4382057593711425,0.4568457119638609,0.4736572224875126,1,True,1.2753032999971765,warm,,1e-10,1,16,float32,NVIDIA GeForce RTX 5060 Ti,2.14.0+cu130,5481fa25b235,2026-10-02T23:07:03,0
ETTh1,720,DLinear,MAE,10.0,"Σ|r| + λ·Σ_h w_hᵀPen w_h (irls δ = 1e-6, tổng, không phạt bias)",1e-06,25,0.5047153104483451,1.2796320464568829,0.7694052853987126,0.4382026442655204,0.45682388022494014,0.47364685039653553,197,True,230.3327658000053,warm,,1e-10,1,16,float32,NVIDIA GeForce RTX 5060 Ti,2.14.0+cu130,5481fa25b235,2026-10-02T23:10:55,0
ETTh1,720,DLinear,MAE,30.0,"Σ|r| + λ·Σ_h w_hᵀPen w_h (irls δ = 1e-6, tổng, không phạt bias)",1e-06,25,0.5047481839306007,1.2795602510862105,0.7693788178822835,0.43818114423674337,0.4567562143231376,0.4736175745001639,262,True,306.13951510000334,warm,,1e-10,1,16,float32,NVIDIA GeForce RTX 5060 Ti,2.14.0+cu130,5481fa25b235,2026-10-02T23:16:03,0
ETTh1,720,DLinear,MAE,100.0,"Σ|r| + λ·Σ_h w_hᵀPen w_h (irls δ = 1e-6, tổng, không phạt bias)",1e-06,25,0.5048607171309095,1.2792802231985305,0.769281528530825,0.4381003661197369,0.4565343166360645,0.47352817861420815,248,True,290.2035964000024,warm,,1e-10,1,16,float32,NVIDIA GeForce RTX 5060 Ti,2.14.0+cu130,5481fa25b235,2026-10-02T23:20:55,0
ETTh1,720,DLinear,MAE,300.0,"Σ|r| + λ·Σ_h w_hᵀPen w_h (irls δ = 1e-6, tổng, không phạt bias)",1e-06,25,0.5051639204558163,1.2786063035490123,0.7690534036037435,0.4379078049442111,0.45599086173317904,0.4733290453997729,191,True,223.65819190000184,warm,,1e-10,1,16,float32,NVIDIA GeForce RTX 5060 Ti,2.14.0+cu130,5481fa25b235,2026-10-02T23:24:40,0
ETTh1,720,DLinear,MAE,1000.0,"Σ|r| + λ·Σ_h w_hᵀPen w_h (irls δ = 1e-6, tổng, không phạt bias)",1e-06,25,0.5060847549770837,1.2769198011235576,0.7685579825703345,0.4374554957928598,0.45473676464975676,0.4730128631746252,146,True,171.23271150000073,warm,,1e-10,1,16,float32,NVIDIA GeForce RTX 5060 Ti,2.14.0+cu130,5481fa25b235,2026-10-02T23:27:33,0
ETTh1,720,DLinear,MAE,3000.0,"Σ|r| + λ·Σ_h w_hᵀPen w_h (irls δ = 1e-6, tổng, không phạt bias)",1e-06,25,0.5081420012537149,1.2739458064196674,0.7678635985270337,0.43673207674978504,0.4529320209756435,0.4729967098009791,123,True,144.52437749999808,warm,,1e-10,1,16,float32,NVIDIA GeForce RTX 5060 Ti,2.14.0+cu130,5481fa25b235,2026-10-02T23:29:59,0
ETTh1,720,DLinear,MAE,10000.0,"Σ|r| + λ·Σ_h w_hᵀPen w_h (irls δ = 1e-6, tổng, không phạt bias)",1e-06,25,0.5130669703913815,1.2692960733945022,0.7672894495048573,0.43580861428746026,0.45156054380593014,0.4745683649789581,106,True,124.5985068000009,warm,,1e-10,1,16,float32,NVIDIA GeForce RTX 5060 Ti,2.14.0+cu130,5481fa25b235,2026-10-02T23:32:05,0
ETTh1,720,DLinear,MAE,30000.0,"Σ|r| + λ·Σ_h w_hᵀPen w_h (irls δ = 1e-6, tổng, không phạt bias)",1e-06,25,0.5217770773749817,1.2650856598043796,0.7679769534720959,0.43548047537916434,0.4548613808434794,0.47989715278028355,98,True,115.07201300000452,warm,,1e-10,1,16,float32,NVIDIA GeForce RTX 5060 Ti,2.14.0+cu130,5481fa25b235,2026-10-02T23:34:02,0
ETTh1,720,DLinear,MAE,90000.0,"Σ|r| + λ·Σ_h w_hᵀPen w_h (irls δ = 1e-6, tổng, không phạt bias)",1e-06,25,0.536917946864296,1.2659955181559062,0.7720967864639613,0.43748560947801146,0.47184199976133984,0.49360346655203113,90,True,105.53986199999781,warm,,1e-10,1,16,float32,NVIDIA GeForce RTX 5060 Ti,2.14.0+cu130,5481fa25b235,2026-10-02T23:35:49,0
