selection,selection_metric,level,lam_at_edge,n_lams,lam_min,lam_max,dataset,H,model,objective,lam,lam_convention,delta,k,train_obj,val_mse,val_mae,val_huber,test_mse,test_mae,n_iter,converged,init,derived_from,tol,patience,gpu,git_commit
val_objective,val_huber,lam0,,10,0.0,10000.0,ETTh1,96,DLinear,Huber,0.0,"Σρ_δ(r)/δ + λ·Σ_h w_hᵀPen w_h, δ = 1, ρ = r²/2 trong ngưỡng (tổng, không phạt bias)",1.0,25,0.14688852475560235,0.654766877907601,0.540526696706441,0.2541602486907047,0.367799727846951,0.38798892113045325,7,True,ols,Linear,1e-09,1,NVIDIA GeForce RTX 5060 Ti,bf57cffaee60
val_objective,val_huber,lam_star,False,10,0.0,10000.0,ETTh1,96,DLinear,Huber,100.0,"Σρ_δ(r)/δ + λ·Σ_h w_hᵀPen w_h, δ = 1, ρ = r²/2 trong ngưỡng (tổng, không phạt bias)",1.0,25,0.1470807231567783,0.6546949061325416,0.5404935361566741,0.2541408378509252,0.36752112925151464,0.38787383681600923,4,True,warm,,1e-09,1,NVIDIA GeForce RTX 5060 Ti,bf57cffaee60
val_mse,val_mse,lam0,,10,0.0,10000.0,ETTh1,96,DLinear,Huber,0.0,"Σρ_δ(r)/δ + λ·Σ_h w_hᵀPen w_h, δ = 1, ρ = r²/2 trong ngưỡng (tổng, không phạt bias)",1.0,25,0.14688852475560235,0.654766877907601,0.540526696706441,0.2541602486907047,0.367799727846951,0.38798892113045325,7,True,ols,Linear,1e-09,1,NVIDIA GeForce RTX 5060 Ti,bf57cffaee60
val_mse,val_mse,lam_star,False,10,0.0,10000.0,ETTh1,96,DLinear,Huber,300.0,"Σρ_δ(r)/δ + λ·Σ_h w_hᵀPen w_h, δ = 1, ρ = r²/2 trong ngưỡng (tổng, không phạt bias)",1.0,25,0.14744008332215497,0.6546809771724428,0.5405109240269567,0.25415261811153245,0.3670963155965394,0.38774167471892296,5,True,warm,,1e-09,1,NVIDIA GeForce RTX 5060 Ti,bf57cffaee60
val_objective,val_mae,lam0,,10,0.0,10000.0,ETTh1,96,DLinear,MAE,0.0,"Σ|r| + λ·Σ_h w_hᵀPen w_h (irls δ = 1e-6, tổng, không phạt bias)",1e-06,25,0.39239571080010915,0.6661699682292487,0.539464181707737,0.2552797467155338,0.36533714196291583,0.3833207679790877,466,True,ols,Linear,3e-11,1,NVIDIA GeForce RTX 5060 Ti,bf57cffaee60
val_objective,val_mae,lam_star,False,10,0.0,10000.0,ETTh1,96,DLinear,MAE,100.0,"Σ|r| + λ·Σ_h w_hᵀPen w_h (irls δ = 1e-6, tổng, không phạt bias)",1e-06,25,0.3926192256736817,0.6661177461797382,0.539449973480659,0.2552710211438285,0.3651231133452151,0.38322945738522224,265,True,warm,,1e-10,1,NVIDIA GeForce RTX 5060 Ti,bf57cffaee60
val_mse,val_mse,lam0,,10,0.0,10000.0,ETTh1,96,DLinear,MAE,0.0,"Σ|r| + λ·Σ_h w_hᵀPen w_h (irls δ = 1e-6, tổng, không phạt bias)",1e-06,25,0.39239571080010915,0.6661699682292487,0.539464181707737,0.2552797467155338,0.36533714196291583,0.3833207679790877,466,True,ols,Linear,3e-11,1,NVIDIA GeForce RTX 5060 Ti,bf57cffaee60
val_mse,val_mse,lam_star,False,10,0.0,10000.0,ETTh1,96,DLinear,MAE,300.0,"Σ|r| + λ·Σ_h w_hᵀPen w_h (irls δ = 1e-6, tổng, không phạt bias)",1e-06,25,0.3930484197870772,0.6660779291064419,0.5394702149308221,0.25528068516844715,0.3647135384236555,0.3830841855435482,212,True,warm,,1e-10,1,NVIDIA GeForce RTX 5060 Ti,bf57cffaee60
val_objective,val_mse,lam0,,37,0.0,100000.0,ETTh1,96,DLinear,MSE,0.0,"Σr² + λ·Σ_h w_hᵀPen w_h (tổng, không phạt bias)",,25,0.3297278362322018,0.6516299666743923,0.5425573242331387,0.2547234964545393,0.37023527067813916,0.3915381623525754,0,True,closed_form,Linear,,,NVIDIA GeForce RTX 5060 Ti,bf57cffaee60
val_objective,val_mse,lam_star,False,37,0.0,100000.0,ETTh1,96,DLinear,MSE,398.107,"Σr² + λ·Σ_h w_hᵀPen w_h (tổng, không phạt bias)",,25,0.330445857384388,0.6515547271079685,0.5425036143490793,0.25469549595798785,0.369864051433286,0.3913672315074416,0,True,closed_form,,,,NVIDIA GeForce RTX 5060 Ti,bf57cffaee60
val_mse,val_mse,lam0,,37,0.0,100000.0,ETTh1,96,DLinear,MSE,0.0,"Σr² + λ·Σ_h w_hᵀPen w_h (tổng, không phạt bias)",,25,0.3297278362322018,0.6516299666743923,0.5425573242331387,0.2547234964545393,0.37023527067813916,0.3915381623525754,0,True,closed_form,Linear,,,NVIDIA GeForce RTX 5060 Ti,bf57cffaee60
val_mse,val_mse,lam_star,False,37,0.0,100000.0,ETTh1,96,DLinear,MSE,398.107,"Σr² + λ·Σ_h w_hᵀPen w_h (tổng, không phạt bias)",,25,0.330445857384388,0.6515547271079685,0.5425036143490793,0.25469549595798785,0.369864051433286,0.3913672315074416,0,True,closed_form,,,,NVIDIA GeForce RTX 5060 Ti,bf57cffaee60
val_objective,val_huber,lam0,,10,0.0,10000.0,ETTh1,96,Linear,Huber,0.0,"Σρ_δ(r)/δ + λ·Σ_h w_hᵀPen w_h, δ = 1, ρ = r²/2 trong ngưỡng (tổng, không phạt bias)",1.0,,0.14688852475560235,0.654766877907601,0.540526696706441,0.2541602486907047,0.367799727846951,0.38798892113045325,7,True,ols,,1e-09,1,NVIDIA GeForce RTX 5060 Ti,bf57cffaee60
val_objective,val_huber,lam_star,False,10,0.0,10000.0,ETTh1,96,Linear,Huber,3.0,"Σρ_δ(r)/δ + λ·Σ_h w_hᵀPen w_h, δ = 1, ρ = r²/2 trong ngưỡng (tổng, không phạt bias)",1.0,,0.14689538752168116,0.6547667722965911,0.5405260650270772,0.2541601316454939,0.3677911436612632,0.3879844043956471,2,True,warm,,1e-09,1,NVIDIA GeForce RTX 5060 Ti,bf57cffaee60
val_mse,val_mse,lam0,,10,0.0,10000.0,ETTh1,96,Linear,Huber,0.0,"Σρ_δ(r)/δ + λ·Σ_h w_hᵀPen w_h, δ = 1, ρ = r²/2 trong ngưỡng (tổng, không phạt bias)",1.0,,0.14688852475560235,0.654766877907601,0.540526696706441,0.2541602486907047,0.367799727846951,0.38798892113045325,7,True,ols,,1e-09,1,NVIDIA GeForce RTX 5060 Ti,bf57cffaee60
val_mse,val_mse,lam_star,False,10,0.0,10000.0,ETTh1,96,Linear,Huber,1.0,"Σρ_δ(r)/δ + λ·Σ_h w_hᵀPen w_h, δ = 1, ρ = r²/2 trong ngưỡng (tổng, không phạt bias)",1.0,,0.1468908138912667,0.6547667270465761,0.5405264140808215,0.2541601595490685,0.3677968888767214,0.38798739411143457,2,True,warm,,1e-09,1,NVIDIA GeForce RTX 5060 Ti,bf57cffaee60
val_objective,val_mae,lam0,,12,0.0,10000.0,ETTh1,96,Linear,MAE,0.0,"Σ|r| + λ·Σ_h w_hᵀPen w_h (irls δ = 1e-6, tổng, không phạt bias)",1e-06,,0.39239571080010915,0.6661699682292487,0.539464181707737,0.2552797467155338,0.36533714196291583,0.3833207679790877,466,True,ols,,3e-11,1,NVIDIA GeForce RTX 5060 Ti,bf57cffaee60
val_objective,val_mae,lam_star,True,12,0.0,10000.0,ETTh1,96,Linear,MAE,0.0,"Σ|r| + λ·Σ_h w_hᵀPen w_h (irls δ = 1e-6, tổng, không phạt bias)",1e-06,,0.39239571080010915,0.6661699682292487,0.539464181707737,0.2552797467155338,0.36533714196291583,0.3833207679790877,466,True,ols,,3e-11,1,NVIDIA GeForce RTX 5060 Ti,bf57cffaee60
val_mse,val_mse,lam0,,12,0.0,10000.0,ETTh1,96,Linear,MAE,0.0,"Σ|r| + λ·Σ_h w_hᵀPen w_h (irls δ = 1e-6, tổng, không phạt bias)",1e-06,,0.39239571080010915,0.6661699682292487,0.539464181707737,0.2552797467155338,0.36533714196291583,0.3833207679790877,466,True,ols,,3e-11,1,NVIDIA GeForce RTX 5060 Ti,bf57cffaee60
val_mse,val_mse,lam_star,True,12,0.0,10000.0,ETTh1,96,Linear,MAE,0.0,"Σ|r| + λ·Σ_h w_hᵀPen w_h (irls δ = 1e-6, tổng, không phạt bias)",1e-06,,0.39239571080010915,0.6661699682292487,0.539464181707737,0.2552797467155338,0.36533714196291583,0.3833207679790877,466,True,ols,,3e-11,1,NVIDIA GeForce RTX 5060 Ti,bf57cffaee60
val_objective,val_mse,lam0,,37,0.0,100000.0,ETTh1,96,Linear,MSE,0.0,"Σr² + λ·Σ_h w_hᵀPen w_h (tổng, không phạt bias)",,,0.3297278362322018,0.6516299666743923,0.5425573242331387,0.2547234964545393,0.37023527067813916,0.3915381623525754,0,True,closed_form,,,,NVIDIA GeForce RTX 5060 Ti,bf57cffaee60
val_objective,val_mse,lam_star,True,37,0.0,100000.0,ETTh1,96,Linear,MSE,0.0,"Σr² + λ·Σ_h w_hᵀPen w_h (tổng, không phạt bias)",,,0.3297278362322018,0.6516299666743923,0.5425573242331387,0.2547234964545393,0.37023527067813916,0.3915381623525754,0,True,closed_form,,,,NVIDIA GeForce RTX 5060 Ti,bf57cffaee60
val_mse,val_mse,lam0,,37,0.0,100000.0,ETTh1,96,Linear,MSE,0.0,"Σr² + λ·Σ_h w_hᵀPen w_h (tổng, không phạt bias)",,,0.3297278362322018,0.6516299666743923,0.5425573242331387,0.2547234964545393,0.37023527067813916,0.3915381623525754,0,True,closed_form,,,,NVIDIA GeForce RTX 5060 Ti,bf57cffaee60
val_mse,val_mse,lam_star,True,37,0.0,100000.0,ETTh1,96,Linear,MSE,0.0,"Σr² + λ·Σ_h w_hᵀPen w_h (tổng, không phạt bias)",,,0.3297278362322018,0.6516299666743923,0.5425573242331387,0.2547234964545393,0.37023527067813916,0.3915381623525754,0,True,closed_form,,,,NVIDIA GeForce RTX 5060 Ti,bf57cffaee60
val_objective,val_huber,lam0,,10,0.0,10000.0,ETTh1,96,NLinear,Huber,0.0,"Σρ_δ(r)/δ + λ·Σ_h w_hᵀPen w_h, δ = 1, ρ = r²/2 trong ngưỡng (tổng, không phạt bias)",1.0,,0.14766299460823673,0.6698410833716982,0.5456985044341132,0.25844751018654954,0.3685299855618115,0.3887359789150816,7,True,ols,,1e-09,1,NVIDIA GeForce RTX 5060 Ti,d2490a50ad44
val_objective,val_huber,lam_star,False,10,0.0,10000.0,ETTh1,96,NLinear,Huber,300.0,"Σρ_δ(r)/δ + λ·Σ_h w_hᵀPen w_h, δ = 1, ρ = r²/2 trong ngưỡng (tổng, không phạt bias)",1.0,,0.14811047716113598,0.6695227660378952,0.5456070918185872,0.2583694679613414,0.3679480402220849,0.3885542181896433,5,True,warm,,1e-09,1,NVIDIA GeForce RTX 5060 Ti,d2490a50ad44
val_mse,val_mse,lam0,,10,0.0,10000.0,ETTh1,96,NLinear,Huber,0.0,"Σρ_δ(r)/δ + λ·Σ_h w_hᵀPen w_h, δ = 1, ρ = r²/2 trong ngưỡng (tổng, không phạt bias)",1.0,,0.14766299460823673,0.6698410833716982,0.5456985044341132,0.25844751018654954,0.3685299855618115,0.3887359789150816,7,True,ols,,1e-09,1,NVIDIA GeForce RTX 5060 Ti,d2490a50ad44
val_mse,val_mse,lam_star,False,10,0.0,10000.0,ETTh1,96,NLinear,Huber,1000.0,"Σρ_δ(r)/δ + λ·Σ_h w_hᵀPen w_h, δ = 1, ρ = r²/2 trong ngưỡng (tổng, không phạt bias)",1.0,,0.14898054403188182,0.6694604901376063,0.5458083228119427,0.25844481372235567,0.36736337355240983,0.38865645293376755,6,True,warm,,1e-09,1,NVIDIA GeForce RTX 5060 Ti,d2490a50ad44
val_objective,val_mae,lam0,,10,0.0,10000.0,ETTh1,96,NLinear,MAE,0.0,"Σ|r| + λ·Σ_h w_hᵀPen w_h (irls δ = 1e-6, tổng, không phạt bias)",1e-06,,0.3931396473460572,0.6767405410068169,0.5426515413213486,0.25801387771869944,0.36624489420951734,0.384065500085822,473,True,ols,,3e-11,1,NVIDIA GeForce RTX 5060 Ti,d2490a50ad44
val_objective,val_mae,lam_star,False,10,0.0,10000.0,ETTh1,96,NLinear,MAE,300.0,"Σ|r| + λ·Σ_h w_hᵀPen w_h (irls δ = 1e-6, tổng, không phạt bias)",1e-06,,0.3936813670453663,0.6764627325665974,0.54258539466843,0.2579516147263217,0.36573234807276545,0.3838850564802539,210,True,warm,,1e-10,1,NVIDIA GeForce RTX 5060 Ti,d2490a50ad44
val_mse,val_mse,lam0,,10,0.0,10000.0,ETTh1,96,NLinear,MAE,0.0,"Σ|r| + λ·Σ_h w_hᵀPen w_h (irls δ = 1e-6, tổng, không phạt bias)",1e-06,,0.3931396473460572,0.6767405410068169,0.5426515413213486,0.25801387771869944,0.36624489420951734,0.384065500085822,473,True,ols,,3e-11,1,NVIDIA GeForce RTX 5060 Ti,d2490a50ad44
val_mse,val_mse,lam_star,False,10,0.0,10000.0,ETTh1,96,NLinear,MAE,3000.0,"Σ|r| + λ·Σ_h w_hᵀPen w_h (irls δ = 1e-6, tổng, không phạt bias)",1e-06,,0.39738720061815347,0.6761619974314855,0.5432925028573103,0.258216475730845,0.3637792613619934,0.3839649769520223,127,True,warm,,1e-10,1,NVIDIA GeForce RTX 5060 Ti,d2490a50ad44
val_objective,val_mse,lam0,,37,0.0,100000.0,ETTh1,96,NLinear,MSE,0.0,"Σr² + λ·Σ_h w_hᵀPen w_h (tổng, không phạt bias)",,,0.3328100422544875,0.6703660830079021,0.5492046337916504,0.26025532166107745,0.3701986328402697,0.3915062350533726,0,True,closed_form,,,,NVIDIA GeForce RTX 5060 Ti,d2490a50ad44
val_objective,val_mse,lam_star,False,37,0.0,100000.0,ETTh1,96,NLinear,MSE,1584.89,"Σr² + λ·Σ_h w_hᵀPen w_h (tổng, không phạt bias)",,,0.3349045489080149,0.6700274363082451,0.549149406130403,0.2601813406958809,0.3694593936905046,0.3913377747598178,0,True,closed_form,,,,NVIDIA GeForce RTX 5060 Ti,d2490a50ad44
val_mse,val_mse,lam0,,37,0.0,100000.0,ETTh1,96,NLinear,MSE,0.0,"Σr² + λ·Σ_h w_hᵀPen w_h (tổng, không phạt bias)",,,0.3328100422544875,0.6703660830079021,0.5492046337916504,0.26025532166107745,0.3701986328402697,0.3915062350533726,0,True,closed_form,,,,NVIDIA GeForce RTX 5060 Ti,d2490a50ad44
val_mse,val_mse,lam_star,False,37,0.0,100000.0,ETTh1,96,NLinear,MSE,1584.89,"Σr² + λ·Σ_h w_hᵀPen w_h (tổng, không phạt bias)",,,0.3349045489080149,0.6700274363082451,0.549149406130403,0.2601813406958809,0.3694593936905046,0.3913377747598178,0,True,closed_form,,,,NVIDIA GeForce RTX 5060 Ti,d2490a50ad44
val_objective,val_huber,lam0,,10,0.0,10000.0,ETTh1,192,DLinear,Huber,0.0,"Σρ_δ(r)/δ + λ·Σ_h w_hᵀPen w_h, δ = 1, ρ = r²/2 trong ngưỡng (tổng, không phạt bias)",1.0,25,0.16803443578495297,0.8852420427748185,0.6296398357368131,0.32550214954999723,0.40280469369556166,0.40954673963089266,7,True,ols,Linear,1e-09,1,NVIDIA GeForce RTX 5060 Ti,0c39bb9363fb
val_objective,val_huber,lam_star,False,10,0.0,10000.0,ETTh1,192,DLinear,Huber,300.0,"Σρ_δ(r)/δ + λ·Σ_h w_hᵀPen w_h, δ = 1, ρ = r²/2 trong ngưỡng (tổng, không phạt bias)",1.0,25,0.16849848660766698,0.8849576213168047,0.6295872337834775,0.3254363959324045,0.40219519165290457,0.4093455425675254,5,True,warm,,1e-09,1,NVIDIA GeForce RTX 5060 Ti,0c39bb9363fb
val_mse,val_mse,lam0,,10,0.0,10000.0,ETTh1,192,DLinear,Huber,0.0,"Σρ_δ(r)/δ + λ·Σ_h w_hᵀPen w_h, δ = 1, ρ = r²/2 trong ngưỡng (tổng, không phạt bias)",1.0,25,0.16803443578495297,0.8852420427748185,0.6296398357368131,0.32550214954999723,0.40280469369556166,0.40954673963089266,7,True,ols,Linear,1e-09,1,NVIDIA GeForce RTX 5060 Ti,0c39bb9363fb
val_mse,val_mse,lam_star,False,10,0.0,10000.0,ETTh1,192,DLinear,Huber,300.0,"Σρ_δ(r)/δ + λ·Σ_h w_hᵀPen w_h, δ = 1, ρ = r²/2 trong ngưỡng (tổng, không phạt bias)",1.0,25,0.16849848660766698,0.8849576213168047,0.6295872337834775,0.3254363959324045,0.40219519165290457,0.4093455425675254,5,True,warm,,1e-09,1,NVIDIA GeForce RTX 5060 Ti,0c39bb9363fb
val_objective,val_mae,lam0,,10,0.0,10000.0,ETTh1,192,DLinear,MAE,0.0,"Σ|r| + λ·Σ_h w_hᵀPen w_h (irls δ = 1e-6, tổng, không phạt bias)",1e-06,25,0.42539058507773647,0.9057559372268537,0.6318236880896556,0.3294503136612722,0.40470494529085993,0.4076795076760251,470,True,ols,Linear,3e-11,1,NVIDIA GeForce RTX 5060 Ti,0c39bb9363fb
val_objective,val_mae,lam_star,False,10,0.0,10000.0,ETTh1,192,DLinear,MAE,300.0,"Σ|r| + λ·Σ_h w_hᵀPen w_h (irls δ = 1e-6, tổng, không phạt bias)",1e-06,25,0.4259485529088381,0.9053058744159815,0.6317366347399913,0.32935365551030293,0.40405223358103554,0.40740787017682367,210,True,warm,,1e-10,1,NVIDIA GeForce RTX 5060 Ti,0c39bb9363fb
val_mse,val_mse,lam0,,10,0.0,10000.0,ETTh1,192,DLinear,MAE,0.0,"Σ|r| + λ·Σ_h w_hᵀPen w_h (irls δ = 1e-6, tổng, không phạt bias)",1e-06,25,0.42539058507773647,0.9057559372268537,0.6318236880896556,0.3294503136612722,0.40470494529085993,0.4076795076760251,470,True,ols,Linear,3e-11,1,NVIDIA GeForce RTX 5060 Ti,0c39bb9363fb
val_mse,val_mse,lam_star,False,10,0.0,10000.0,ETTh1,192,DLinear,MAE,3000.0,"Σ|r| + λ·Σ_h w_hᵀPen w_h (irls δ = 1e-6, tổng, không phạt bias)",1e-06,25,0.4297650831865388,0.9045805724381434,0.6324653038508316,0.32956250546363985,0.4014433676033063,0.40701555288875296,127,True,warm,,1e-10,1,NVIDIA GeForce RTX 5060 Ti,0c39bb9363fb
val_objective,val_mse,lam0,,37,0.0,100000.0,ETTh1,192,DLinear,MSE,0.0,"Σr² + λ·Σ_h w_hᵀPen w_h (tổng, không phạt bias)",,25,0.38215568796578214,0.8707775276993802,0.6282816880034293,0.32283945781061063,0.404151393954191,0.41268114817043006,0,True,closed_form,Linear,,,NVIDIA GeForce RTX 5060 Ti,0c39bb9363fb
val_objective,val_mse,lam_star,False,37,0.0,100000.0,ETTh1,192,DLinear,MSE,1000.0,"Σr² + λ·Σ_h w_hᵀPen w_h (tổng, không phạt bias)",,25,0.38359988758876346,0.8705643287830719,0.628239297691458,0.3227826382170844,0.40355313362142575,0.4124876745650465,0,True,closed_form,,,,NVIDIA GeForce RTX 5060 Ti,0c39bb9363fb
val_mse,val_mse,lam0,,37,0.0,100000.0,ETTh1,192,DLinear,MSE,0.0,"Σr² + λ·Σ_h w_hᵀPen w_h (tổng, không phạt bias)",,25,0.38215568796578214,0.8707775276993802,0.6282816880034293,0.32283945781061063,0.404151393954191,0.41268114817043006,0,True,closed_form,Linear,,,NVIDIA GeForce RTX 5060 Ti,0c39bb9363fb
val_mse,val_mse,lam_star,False,37,0.0,100000.0,ETTh1,192,DLinear,MSE,1000.0,"Σr² + λ·Σ_h w_hᵀPen w_h (tổng, không phạt bias)",,25,0.38359988758876346,0.8705643287830719,0.628239297691458,0.3227826382170844,0.40355313362142575,0.4124876745650465,0,True,closed_form,,,,NVIDIA GeForce RTX 5060 Ti,0c39bb9363fb
val_objective,val_huber,lam0,,10,0.0,10000.0,ETTh1,192,Linear,Huber,0.0,"Σρ_δ(r)/δ + λ·Σ_h w_hᵀPen w_h, δ = 1, ρ = r²/2 trong ngưỡng (tổng, không phạt bias)",1.0,,0.16803443578495297,0.8852420427748185,0.6296398357368131,0.32550214954999723,0.40280469369556166,0.40954673963089266,7,True,ols,,1e-09,1,NVIDIA GeForce RTX 5060 Ti,0c39bb9363fb
val_objective,val_huber,lam_star,False,10,0.0,10000.0,ETTh1,192,Linear,Huber,100.0,"Σρ_δ(r)/δ + λ·Σ_h w_hᵀPen w_h, δ = 1, ρ = r²/2 trong ngưỡng (tổng, không phạt bias)",1.0,,0.16821427252338408,0.8851957355206815,0.6296304503200645,0.32549102865343704,0.4025697797566748,0.4094413917485074,4,True,warm,,1e-09,1,NVIDIA GeForce RTX 5060 Ti,0c39bb9363fb
val_mse,val_mse,lam0,,10,0.0,10000.0,ETTh1,192,Linear,Huber,0.0,"Σρ_δ(r)/δ + λ·Σ_h w_hᵀPen w_h, δ = 1, ρ = r²/2 trong ngưỡng (tổng, không phạt bias)",1.0,,0.16803443578495297,0.8852420427748185,0.6296398357368131,0.32550214954999723,0.40280469369556166,0.40954673963089266,7,True,ols,,1e-09,1,NVIDIA GeForce RTX 5060 Ti,0c39bb9363fb
val_mse,val_mse,lam_star,False,10,0.0,10000.0,ETTh1,192,Linear,Huber,100.0,"Σρ_δ(r)/δ + λ·Σ_h w_hᵀPen w_h, δ = 1, ρ = r²/2 trong ngưỡng (tổng, không phạt bias)",1.0,,0.16821427252338408,0.8851957355206815,0.6296304503200645,0.32549102865343704,0.4025697797566748,0.4094413917485074,4,True,warm,,1e-09,1,NVIDIA GeForce RTX 5060 Ti,0c39bb9363fb
val_objective,val_mae,lam0,,10,0.0,10000.0,ETTh1,192,Linear,MAE,0.0,"Σ|r| + λ·Σ_h w_hᵀPen w_h (irls δ = 1e-6, tổng, không phạt bias)",1e-06,,0.42539058507773647,0.9057559372268537,0.6318236880896556,0.3294503136612722,0.40470494529085993,0.4076795076760251,470,True,ols,,3e-11,1,NVIDIA GeForce RTX 5060 Ti,0c39bb9363fb
val_objective,val_mae,lam_star,False,10,0.0,10000.0,ETTh1,192,Linear,MAE,300.0,"Σ|r| + λ·Σ_h w_hᵀPen w_h (irls δ = 1e-6, tổng, không phạt bias)",1e-06,,0.4259927144502495,0.9054134481591984,0.6317740893307462,0.32938436272115806,0.40408208608776874,0.40740234443587897,208,True,warm,,1e-10,1,NVIDIA GeForce RTX 5060 Ti,0c39bb9363fb
val_mse,val_mse,lam0,,10,0.0,10000.0,ETTh1,192,Linear,MAE,0.0,"Σ|r| + λ·Σ_h w_hᵀPen w_h (irls δ = 1e-6, tổng, không phạt bias)",1e-06,,0.42539058507773647,0.9057559372268537,0.6318236880896556,0.3294503136612722,0.40470494529085993,0.4076795076760251,470,True,ols,,3e-11,1,NVIDIA GeForce RTX 5060 Ti,0c39bb9363fb
val_mse,val_mse,lam_star,False,10,0.0,10000.0,ETTh1,192,Linear,MAE,1000.0,"Σ|r| + λ·Σ_h w_hᵀPen w_h (irls δ = 1e-6, tổng, không phạt bias)",1e-06,,0.42721767881048556,0.9051575438243983,0.6319371160801512,0.329417649423368,0.4030864494593374,0.40708592586240777,154,True,warm,,1e-10,1,NVIDIA GeForce RTX 5060 Ti,0c39bb9363fb
val_objective,val_mse,lam0,,37,0.0,100000.0,ETTh1,192,Linear,MSE,0.0,"Σr² + λ·Σ_h w_hᵀPen w_h (tổng, không phạt bias)",,,0.38215568796578214,0.8707775276993802,0.6282816880034293,0.32283945781061063,0.404151393954191,0.41268114817043006,0,True,closed_form,,,,NVIDIA GeForce RTX 5060 Ti,0c39bb9363fb
val_objective,val_mse,lam_star,False,37,0.0,100000.0,ETTh1,192,Linear,MSE,251.189,"Σr² + λ·Σ_h w_hᵀPen w_h (tổng, không phạt bias)",,,0.38259202707249734,0.8707571448302976,0.628269990764612,0.32283014214250744,0.4039501868961344,0.4125779278601399,0,True,closed_form,,,,NVIDIA GeForce RTX 5060 Ti,0c39bb9363fb
val_mse,val_mse,lam0,,37,0.0,100000.0,ETTh1,192,Linear,MSE,0.0,"Σr² + λ·Σ_h w_hᵀPen w_h (tổng, không phạt bias)",,,0.38215568796578214,0.8707775276993802,0.6282816880034293,0.32283945781061063,0.404151393954191,0.41268114817043006,0,True,closed_form,,,,NVIDIA GeForce RTX 5060 Ti,0c39bb9363fb
val_mse,val_mse,lam_star,False,37,0.0,100000.0,ETTh1,192,Linear,MSE,251.189,"Σr² + λ·Σ_h w_hᵀPen w_h (tổng, không phạt bias)",,,0.38259202707249734,0.8707571448302976,0.628269990764612,0.32283014214250744,0.4039501868961344,0.4125779278601399,0,True,closed_form,,,,NVIDIA GeForce RTX 5060 Ti,0c39bb9363fb
val_objective,val_huber,lam0,,10,0.0,10000.0,ETTh1,192,NLinear,Huber,0.0,"Σρ_δ(r)/δ + λ·Σ_h w_hᵀPen w_h, δ = 1, ρ = r²/2 trong ngưỡng (tổng, không phạt bias)",1.0,,0.16995870134304927,0.9236624946688398,0.6410683244775623,0.3357988087272433,0.4035533907112031,0.4095882736950903,7,True,ols,,1e-09,1,NVIDIA GeForce RTX 5060 Ti,0c39bb9363fb
val_objective,val_huber,lam_star,False,10,0.0,10000.0,ETTh1,192,NLinear,Huber,1000.0,"Σρ_δ(r)/δ + λ·Σ_h w_hᵀPen w_h, δ = 1, ρ = r²/2 trong ngưỡng (tổng, không phạt bias)",1.0,,0.1711316100151793,0.9228626712725341,0.6410834127554378,0.33567069049493203,0.40250834433197746,0.40950491747117596,5,True,warm,,1e-09,1,NVIDIA GeForce RTX 5060 Ti,0c39bb9363fb
val_mse,val_mse,lam0,,10,0.0,10000.0,ETTh1,192,NLinear,Huber,0.0,"Σρ_δ(r)/δ + λ·Σ_h w_hᵀPen w_h, δ = 1, ρ = r²/2 trong ngưỡng (tổng, không phạt bias)",1.0,,0.16995870134304927,0.9236624946688398,0.6410683244775623,0.3357988087272433,0.4035533907112031,0.4095882736950903,7,True,ols,,1e-09,1,NVIDIA GeForce RTX 5060 Ti,0c39bb9363fb
val_mse,val_mse,lam_star,False,10,0.0,10000.0,ETTh1,192,NLinear,Huber,1000.0,"Σρ_δ(r)/δ + λ·Σ_h w_hᵀPen w_h, δ = 1, ρ = r²/2 trong ngưỡng (tổng, không phạt bias)",1.0,,0.1711316100151793,0.9228626712725341,0.6410834127554378,0.33567069049493203,0.40250834433197746,0.40950491747117596,5,True,warm,,1e-09,1,NVIDIA GeForce RTX 5060 Ti,0c39bb9363fb
val_objective,val_mae,lam0,,11,0.0,30000.0,ETTh1,192,NLinear,MAE,0.0,"Σ|r| + λ·Σ_h w_hᵀPen w_h (irls δ = 1e-6, tổng, không phạt bias)",1e-06,,0.42806973688397004,0.9401294493975453,0.6412712909158891,0.3381282095636528,0.40636505114555216,0.4080018035797361,470,True,ols,,3e-11,1,NVIDIA GeForce RTX 5060 Ti,0c39bb9363fb
val_objective,val_mae,lam_star,False,11,0.0,30000.0,ETTh1,192,NLinear,MAE,1000.0,"Σ|r| + λ·Σ_h w_hᵀPen w_h (irls δ = 1e-6, tổng, không phạt bias)",1e-06,,0.4295702967170725,0.9389436466500232,0.6411475343641916,0.33790869474124474,0.40480796656581175,0.40749308408627577,154,True,warm,,1e-10,1,NVIDIA GeForce RTX 5060 Ti,0c39bb9363fb
val_mse,val_mse,lam0,,11,0.0,30000.0,ETTh1,192,NLinear,MAE,0.0,"Σ|r| + λ·Σ_h w_hᵀPen w_h (irls δ = 1e-6, tổng, không phạt bias)",1e-06,,0.42806973688397004,0.9401294493975453,0.6412712909158891,0.3381282095636528,0.40636505114555216,0.4080018035797361,470,True,ols,,3e-11,1,NVIDIA GeForce RTX 5060 Ti,0c39bb9363fb
val_mse,val_mse,lam_star,False,11,0.0,30000.0,ETTh1,192,NLinear,MAE,10000.0,"Σ|r| + λ·Σ_h w_hᵀPen w_h (irls δ = 1e-6, tổng, không phạt bias)",1e-06,,0.4374636993585127,0.9380228143030891,0.643594516758199,0.33877623856005845,0.40259745538921815,0.4090975628037952,109,True,warm,,1e-10,1,NVIDIA GeForce RTX 5060 Ti,0c39bb9363fb
val_objective,val_mse,lam0,,37,0.0,100000.0,ETTh1,192,NLinear,MSE,0.0,"Σr² + λ·Σ_h w_hᵀPen w_h (tổng, không phạt bias)",,,0.38909276167285284,0.9159674225674191,0.6420029556329294,0.335321525373399,0.4034475536404629,0.41117073463072595,0,True,closed_form,,,,NVIDIA GeForce RTX 5060 Ti,0c39bb9363fb
val_objective,val_mse,lam_star,False,37,0.0,100000.0,ETTh1,192,NLinear,MSE,2511.89,"Σr² + λ·Σ_h w_hᵀPen w_h (tổng, không phạt bias)",,,0.3918976020897832,0.9154417219544476,0.6420278467599344,0.3352296618389782,0.4027483632006713,0.4111753736000305,0,True,closed_form,,,,NVIDIA GeForce RTX 5060 Ti,0c39bb9363fb
val_mse,val_mse,lam0,,37,0.0,100000.0,ETTh1,192,NLinear,MSE,0.0,"Σr² + λ·Σ_h w_hᵀPen w_h (tổng, không phạt bias)",,,0.38909276167285284,0.9159674225674191,0.6420029556329294,0.335321525373399,0.4034475536404629,0.41117073463072595,0,True,closed_form,,,,NVIDIA GeForce RTX 5060 Ti,0c39bb9363fb
val_mse,val_mse,lam_star,False,37,0.0,100000.0,ETTh1,192,NLinear,MSE,2511.89,"Σr² + λ·Σ_h w_hᵀPen w_h (tổng, không phạt bias)",,,0.3918976020897832,0.9154417219544476,0.6420278467599344,0.3352296618389782,0.4027483632006713,0.4111753736000305,0,True,closed_form,,,,NVIDIA GeForce RTX 5060 Ti,0c39bb9363fb
val_objective,val_mse,lam0,,37,0.0,100000.0,ETTh1,336,DLinear,MSE,0.0,"Σr² + λ·Σ_h w_hᵀPen w_h (tổng, không phạt bias)",,25,0.4322595488821029,1.0635404269326776,0.7031562362906805,0.3824115342442743,0.43344729721092895,0.4341896172567285,0,True,closed_form,Linear,,,NVIDIA GeForce RTX 5060 Ti,0c39bb9363fb
val_objective,val_mse,lam_star,False,37,0.0,100000.0,ETTh1,336,DLinear,MSE,3981.07,"Σr² + λ·Σ_h w_hᵀPen w_h (tổng, không phạt bias)",,25,0.4365751983223112,1.0625831182730325,0.703096385672771,0.3822045855583044,0.43180993496442427,0.4341873060331046,0,True,closed_form,,,,NVIDIA GeForce RTX 5060 Ti,0c39bb9363fb
val_mse,val_mse,lam0,,37,0.0,100000.0,ETTh1,336,DLinear,MSE,0.0,"Σr² + λ·Σ_h w_hᵀPen w_h (tổng, không phạt bias)",,25,0.4322595488821029,1.0635404269326776,0.7031562362906805,0.3824115342442743,0.43344729721092895,0.4341896172567285,0,True,closed_form,Linear,,,NVIDIA GeForce RTX 5060 Ti,0c39bb9363fb
val_mse,val_mse,lam_star,False,37,0.0,100000.0,ETTh1,336,DLinear,MSE,3981.07,"Σr² + λ·Σ_h w_hᵀPen w_h (tổng, không phạt bias)",,25,0.4365751983223112,1.0625831182730325,0.703096385672771,0.3822045855583044,0.43180993496442427,0.4341873060331046,0,True,closed_form,,,,NVIDIA GeForce RTX 5060 Ti,0c39bb9363fb
val_objective,val_mse,lam0,,37,0.0,100000.0,ETTh1,336,Linear,MSE,0.0,"Σr² + λ·Σ_h w_hᵀPen w_h (tổng, không phạt bias)",,,0.4322595488821029,1.0635404269326776,0.7031562362906805,0.3824115342442743,0.43344729721092895,0.4341896172567285,0,True,closed_form,,,,NVIDIA GeForce RTX 5060 Ti,0c39bb9363fb
val_objective,val_mse,lam_star,False,37,0.0,100000.0,ETTh1,336,Linear,MSE,2511.89,"Σr² + λ·Σ_h w_hᵀPen w_h (tổng, không phạt bias)",,,0.4353806867346044,1.0631224780259592,0.7031679752929549,0.3823260402507235,0.4322512648291177,0.43403847661499856,0,True,closed_form,,,,NVIDIA GeForce RTX 5060 Ti,0c39bb9363fb
val_mse,val_mse,lam0,,37,0.0,100000.0,ETTh1,336,Linear,MSE,0.0,"Σr² + λ·Σ_h w_hᵀPen w_h (tổng, không phạt bias)",,,0.4322595488821029,1.0635404269326776,0.7031562362906805,0.3824115342442743,0.43344729721092895,0.4341896172567285,0,True,closed_form,,,,NVIDIA GeForce RTX 5060 Ti,0c39bb9363fb
val_mse,val_mse,lam_star,False,37,0.0,100000.0,ETTh1,336,Linear,MSE,2511.89,"Σr² + λ·Σ_h w_hᵀPen w_h (tổng, không phạt bias)",,,0.4353806867346044,1.0631224780259592,0.7031679752929549,0.3823260402507235,0.4322512648291177,0.43403847661499856,0,True,closed_form,,,,NVIDIA GeForce RTX 5060 Ti,0c39bb9363fb
val_objective,val_mse,lam0,,37,0.0,100000.0,ETTh1,336,NLinear,MSE,0.0,"Σr² + λ·Σ_h w_hᵀPen w_h (tổng, không phạt bias)",,,0.4481980926713549,1.156086263849165,0.7290440045564803,0.40662129655735246,0.4276853016903783,0.42616289080667286,0,True,closed_form,,,,NVIDIA GeForce RTX 5060 Ti,0c39bb9363fb
val_objective,val_mse,lam_star,False,37,0.0,100000.0,ETTh1,336,NLinear,MSE,10000.0,"Σr² + λ·Σ_h w_hᵀPen w_h (tổng, không phạt bias)",,,0.4561573577175177,1.1545367777227014,0.7294230825055577,0.4064888887232921,0.42611796202756735,0.42720700984252535,0,True,closed_form,,,,NVIDIA GeForce RTX 5060 Ti,0c39bb9363fb
val_mse,val_mse,lam0,,37,0.0,100000.0,ETTh1,336,NLinear,MSE,0.0,"Σr² + λ·Σ_h w_hᵀPen w_h (tổng, không phạt bias)",,,0.4481980926713549,1.156086263849165,0.7290440045564803,0.40662129655735246,0.4276853016903783,0.42616289080667286,0,True,closed_form,,,,NVIDIA GeForce RTX 5060 Ti,0c39bb9363fb
val_mse,val_mse,lam_star,False,37,0.0,100000.0,ETTh1,336,NLinear,MSE,10000.0,"Σr² + λ·Σ_h w_hᵀPen w_h (tổng, không phạt bias)",,,0.4561573577175177,1.1545367777227014,0.7294230825055577,0.4064888887232921,0.42611796202756735,0.42720700984252535,0,True,closed_form,,,,NVIDIA GeForce RTX 5060 Ti,0c39bb9363fb
