model,k,lam,rel_dW,rms_gap_same,rms_gap_best,lam_best,mse_val,mse_test,mae_test,rowsum_mean
Linear,,0.0,0.0,0.0,0.0,0.0,0.6516299666743928,0.37023527067813916,0.39153816235257527,0.9266149924301671
DLinear,5.0,0.0,5.06340740261924e-13,3.727699614176435e-14,3.727699614176435e-14,0.0,0.6516299666743925,0.37023527067813916,0.39153816235257527,0.9266149924301668
DLinear,15.0,0.0,5.057377195894099e-13,3.741981906841886e-14,3.741981906841886e-14,0.0,0.6516299666743938,0.37023527067813905,0.391538162352575,0.9266149924301716
DLinear,25.0,0.0,5.053416964532834e-13,3.724812537261244e-14,3.724812537261244e-14,0.0,0.6516299666743925,0.3702352706781391,0.39153816235257527,0.9266149924301673
DLinear,49.0,0.0,5.057380102597075e-13,3.752109865887655e-14,3.752109865887655e-14,0.0,0.6516299666743925,0.37023527067813916,0.3915381623525753,0.926614992430166
NLinear,,0.0,0.019850680637833858,0.05139902175553808,0.05139902175553808,0.0,0.6703660830079022,0.37019863284026977,0.3915062350533727,1.0
Linear,,1.0,0.0,0.0,0.0,1.0,0.6516300064026246,0.37023418075151915,0.3915374962448371,0.9266145948791124
DLinear,5.0,1.0,8.476945262583155e-05,9.292079577096213e-06,8.838321042430756e-06,1.1220184543019636,0.6516301047910662,0.3702340011754494,0.39153737638745273,0.9266145420241667
DLinear,15.0,1.0,8.483388691007822e-05,7.45588872230851e-06,6.3582830180963786e-06,0.7943282347242815,0.6516296816720162,0.37023418769277816,0.3915375931445291,0.9266146939845427
DLinear,25.0,1.0,0.00010740771213570617,9.30293634949309e-06,7.612674020534517e-06,0.7498942093324559,0.6516295771931999,0.37023414696160534,0.3915375767808771,0.9266147309133196
DLinear,49.0,1.0,0.0001273811341372434,1.106842483739975e-05,8.92089487179461e-06,0.6683439175686147,0.6516295779660054,0.37023420619125674,0.39153758659909155,0.9266147542869713
NLinear,,1.0,0.019883298232218932,0.05139932943552278,0.051398990810913994,0.0,0.670365395058969,0.3701976865537963,0.3915057491304601,1.0
Linear,,1.7782794100389228,0.0,0.0,0.0,1.7782794100389228,0.6516300382625521,0.3702333334810785,0.3915369789357477,0.9266142855374745
DLinear,5.0,1.7782794100389228,0.00015066401050980034,1.6516440135067534e-05,1.57094070217897e-05,1.9952623149688797,0.6516302134379927,0.37023301455699953,0.39153676602733506,0.9266141915809761
DLinear,15.0,1.7782794100389228,0.00015081122818400656,1.325406743332018e-05,1.1302937318839423e-05,1.4125375446227548,0.6516294607685882,0.3702333456915699,0.391537151058125,0.926614461727929
DLinear,25.0,1.7782794100389228,0.00019095020061412908,1.6537948570530454e-05,1.3533258409318655e-05,1.333521432163324,0.6516292749412135,0.37023327320833777,0.39153712191474893,0.9266145273905826
DLinear,49.0,1.7782794100389228,0.00022646525824505153,1.9677008195620785e-05,1.5859086268254098e-05,1.1885022274370183,0.6516292762853656,0.3702333785115085,0.3915371393141343,0.9266145689525948
NLinear,,1.7782794100389228,0.019909455161978094,0.05139957123684939,0.05139897035889956,0.0,0.6703648604710762,0.3701969508616551,0.39150537176787814,1.0
Linear,,3.1622776601683795,0.0,0.0,0.0,3.1622776601683795,0.6516300969469114,0.37023182894921447,0.3915360610261092,0.9266137355802012
DLinear,5.0,3.1622776601683795,0.0002676709526386291,2.9347248680790413e-05,2.7911727866430872e-05,3.548133892335755,0.6516304091301752,0.37023126311465393,0.39153568325865246,0.9266135686078588
DLinear,15.0,3.1622776601683795,0.0002680356271492682,2.3554950209028355e-05,2.0087571150525976e-05,2.511886431509581,0.6516290699000007,0.3702318502429226,0.39153636674461767,0.9266140487485254
DLinear,25.0,3.1622776601683795,0.00033940255098329023,2.939244081875273e-05,2.405264037165822e-05,2.371373705661655,0.6516287393370274,0.3702317211838916,0.3915363148244431,0.9266141654928471
DLinear,49.0,3.1622776601683795,0.0004025479138066228,3.49730735560744e-05,2.8186861710218603e-05,2.1134890398366477,0.6516287416321881,0.3702319083674264,0.39153634555725975,0.9266142393926403
NLinear,,3.1622776601683795,0.019957625464442654,0.05140000627672827,0.05139894182408056,0.0,0.6703639116123885,0.37019564428569574,0.3915047020142495,1.0
Linear,,5.623413251903491,0.0,0.0,0.0,5.623413251903491,0.6516302076976,0.37022916025666514,0.3915344348493705,0.9266127580401055
DLinear,5.0,5.623413251903491,0.0004752002742315855,5.211319597795196e-05,4.955920750123843e-05,6.309573444801933,0.6516307649610288,0.3702281581471913,0.39153376702079407,0.9266124614593728
DLinear,15.0,5.623413251903491,0.0004761723027521973,4.184157318543978e-05,3.568280085504327e-05,4.466835921509633,0.6516283810041301,0.37022919679842764,0.3915349772064606,0.9266133144750195
DLinear,25.0,5.623413251903491,0.0006030465647480053,5.221541105205116e-05,4.273043206931238e-05,4.216965034285822,0.6516277928242243,0.3702289667797557,0.3915348846253215,0.9266135220088146
DLinear,49.0,5.623413251903491,0.0007153039863473711,6.213462098131354e-05,5.007671155842134e-05,3.758374042884443,0.6516277966054724,0.3702292994075388,0.3915349391871274,0.9266136533945981
NLinear,,5.623413251903491,0.020048466271652667,0.051400795817144525,0.051398915774146375,0.0,0.6703622299134809,0.37019332615910805,0.39150351488338164,1.0
Linear,,10.0,0.0,0.0,0.0,10.0,0.6516304247428304,0.3702244359279397,0.3915315620753087,0.9266110210807591
DLinear,5.0,10.0,0.0008425444664111187,9.243766907847945e-05,8.78920892419911e-05,11.220184543019641,0.651631422332818,0.3702226667955426,0.39153038654081374,0.9266104947580439
DLinear,15.0,10.0,0.0008452860927556743,7.426199736038928e-05,6.333274073755041e-05,7.943282347242818,0.6516271753865615,0.3702244967415515,0.3915325218847063,0.9266120091080805
DLinear,25.0,10.0,0.001070789538639736,9.268793074448103e-05,7.585472892744939e-05,7.498942093324558,0.6516261283491324,0.3702240860827584,0.3915323568736626,0.9266123779393322
DLinear,49.0,10.0,0.0012703112598799909,0.00011031217689851085,8.890108650540189e-05,6.683439175686149,0.6516261341273106,0.3702246768394541,0.3915324536179063,0.9266126114892644
NLinear,,10.0,0.020226062776128862,0.051402249897140276,0.051398947076910874,0.0,0.670359257113281,0.37018922065829807,0.3915014174981645,1.0
Linear,,17.78279410038923,0.0,0.0,0.0,17.78279410038923,0.6516308736114655,0.37021610168718605,0.39152651061720645,0.9266079366250525
DLinear,5.0,17.78279410038923,0.00149047332565518,0.0001636459662492858,0.00015555051523771595,19.952623149688808,0.6516326681731931,0.37021299604779123,0.3915244562895684,0.9266070040759983
DLinear,15.0,17.78279410038923,0.0014984970653137703,0.0001316061684707091,0.00011224289243558835,14.12537544622754,0.6516250923329456,0.3702161967638694,0.3915282049347525,0.9266096889880594
DLinear,25.0,17.78279410038923,0.0018991412094650998,0.00016430426625264752,0.00013447667420195627,13.33521432163324,0.6516232270010806,0.3702154614225553,0.39152790721154823,0.9266103441730724
DLinear,49.0,17.78279410038923,0.002253619762817015,0.00019559819774516053,0.00015762222596576693,11.88502227437019,0.6516232343035941,0.37021650958916535,0.3915280775424552,0.9266107592035514
NLinear,,17.78279410038923,0.020590728107162372,0.051404992388348114,0.05139924566633244,0.0,0.6703540261821402,0.3701819725320309,0.39149773259985055,1.0
Linear,,31.622776601683793,0.0,0.0,0.0,31.622776601683793,0.6516318671047092,0.3702014895113223,0.39151770299753297,0.9266024652198835
DLinear,5.0,31.622776601683793,0.0026262407773476005,0.00028872232147821654,0.0002742886378914061,35.48133892335757,0.651635121385534,0.37019609220457395,0.3915141588894821,0.9266008175400072
DLinear,15.0,31.622776601683793,0.00265016433132489,0.00023261843950740928,0.00019841284367157967,25.11886431509582,0.6516215773885714,0.37020161788874595,0.3915206715741105,0.9266055669008116
DLinear,25.0,31.622776601683793,0.003361459229100026,0.0002905491963892758,0.0002378434041747365,23.71373705661655,0.6516182497421336,0.3702002944831322,0.39152012846858575,0.9266067297973638
DLinear,49.0,31.622776601683793,0.003990787641270062,0.00034605109305769767,0.000278832711211107,21.134890398366476,0.6516182534304367,0.3702021509574986,0.3915204279794052,0.9266074669328342
NLinear,,31.622776601683793,0.021382230383308738,0.05141035629613682,0.051400530758818085,0.0,0.6703448968290234,0.37016924719912125,0.3914913221285688,1.0
Linear,,56.23413251903491,0.0,0.0,0.0,56.23413251903491,0.6516342316060433,0.3701761464756594,0.3915025821527271,0.9265927779609108
DLinear,5.0,56.23413251903491,0.004595949011142685,0.0005063908959583453,0.0004806087439423797,63.095734448019364,0.6516402074080103,0.37016693277330864,0.3914966361338554,0.9265898810720968
DLinear,15.0,56.23413251903491,0.004667426942505557,0.0004092793956644725,0.0003491721636679584,44.668359215096345,0.6516159081636265,0.3701762495005794,0.3915077226007234,0.9265982483788034
DLinear,25.0,56.23413251903491,0.00592857341285258,0.000511618082686378,0.00041894930271008714,42.169650342858226,0.6516099584021083,0.370173847822914,0.39150672128939734,0.9266003094048685
DLinear,49.0,56.23413251903491,0.007044427982522361,0.0006098544549858379,0.0004913156519808829,37.58374042884443,0.6516099361209435,0.3701771256589811,0.39150724141654497,0.9266016173851924
NLinear,,56.23413251903491,0.023175797503621795,0.05142138772634787,0.05140512428250519,0.0,0.6703291925385793,0.3701471226754231,0.3914803326998551,1.0
Linear,,100.0,0.0,0.0,0.0,100.0,0.6516402222700263,0.37013301433730295,0.3914773626727535,0.9265756820139961
DLinear,5.0,100.0,0.007950584531045427,0.0008792489979854687,0.0008330641461327742,112.20184543019641,0.65165139180926,0.3701177805123647,0.3914678364236788,0.926570632417783
DLinear,15.0,100.0,0.008161068841555754,0.0007144444412513421,0.0006098275643590633,79.43282347242821,0.651607573261736,0.37013281977983414,0.39148609557359704,0.9265852704122534
DLinear,25.0,100.0,0.010391639788636943,0.0008943063604947879,0.0007328211008582824,74.98942093324558,0.6515968968939039,0.3701284044562868,0.39148421416241996,0.9265889138317397
DLinear,49.0,100.0,0.012365625269111986,0.0010675650926019922,0.0008599223654689951,66.83439175686149,0.6515967690713171,0.37013415959211454,0.391485089476903,0.9265912308127193
NLinear,,100.0,0.02724643124482869,0.05144547452517172,0.051418867696782375,17.78279410038923,0.6703028585460232,0.3701093032443054,0.39146206165916553,1.0
Linear,,177.82794100389228,0.0,0.0,0.0,177.82794100389228,0.6516559937521872,0.3700619533594318,0.39143735742760627,0.9265456756803762
DLinear,5.0,177.82794100389228,0.01349665810620712,0.0015013476320987979,0.0014181826495046844,211.34890398366477,0.6516773148498726,0.370038182240246,0.391423541166051,0.9265370027368652
DLinear,15.0,177.82794100389228,0.014096080669915377,0.0012307243602078335,0.0010517962349059688,141.25375446227554,0.6515978087461213,0.37006050784263844,0.39145167262936154,0.9265623039508123
DLinear,25.0,177.82794100389228,0.0180231230340861,0.0015439743563731398,0.0012670237949635255,133.3521432163324,0.6515785503882794,0.37005224117883617,0.39144802103787485,0.9265687158352863
DLinear,49.0,177.82794100389228,0.021500975007957134,0.0018476885689615282,0.0014883914557435607,118.85022274370189,0.6515780596351632,0.3700622451020645,0.3914494370518631,0.9265728079609739
NLinear,,177.82794100389228,0.03595247333484229,0.05150115488254727,0.051451567710419456,59.56621435290109,0.6702606385814296,0.3700465032253512,0.39143316128676253,1.0
Linear,,316.22776601683796,0.0,0.0,0.0,316.22776601683796,0.6516977331421024,0.36995113665471663,0.39137956520232176,0.9264934728047391
DLinear,5.0,316.22776601683796,0.022248212916216956,0.002496493967859115,0.002337728606348324,375.8374042884443,0.6517391487510446,0.36991788366277173,0.39136318703926914,0.9264789409776549
DLinear,15.0,316.22776601683796,0.023862374321153505,0.002075188944708559,0.0017788315037504047,251.18864315095823,0.6515942330990205,0.36994555317878847,0.39140133404556626,0.9265218011140964
DLinear,25.0,316.22776601683796,0.03071633080871973,0.002612142239559765,0.002150397872616737,237.13737056616552,0.6515592712748333,0.36992973832621134,0.391393856573056,0.9265329981951291
DLinear,49.0,316.22776601683796,0.03679992407874976,0.0031391065931091664,0.0025310596878048495,211.34890398366477,0.6515576409750674,0.3699468169774374,0.39139598755031546,0.9265401877007292
NLinear,,316.22776601683796,0.05277843543202362,0.05163461529017277,0.05153089450198966,133.3521432163324,0.6701981169479818,0.3699471612445288,0.39139188569529154,1.0
Linear,,562.341325190349,0.0,0.0,0.0,562.341325190349,0.6518047888899171,0.3697934075534056,0.39130995175886935,0.926403864018105
DLinear,5.0,562.341325190349,0.035132003760314785,0.003989975616571052,0.0036877887197287354,668.3439175686149,0.6518853867331164,0.3697566781118028,0.3912999860557422,0.9263804690251369
DLinear,15.0,562.341325190349,0.039144777382998305,0.0033871877359448804,0.002924172976486789,446.6835921509635,0.6516221346702192,0.36977601346401384,0.39133944794919684,0.9264507658433024
DLinear,25.0,562.341325190349,0.05091681559265021,0.004282965065199155,0.0035467199103932285,398.1071705534973,0.6515583332924089,0.3697452003667252,0.39132379212704516,0.9264700660845738
DLinear,49.0,562.341325190349,0.06142821407206564,0.005182283924185189,0.004192798824840762,375.8374042884443,0.6515533790818175,0.36977342334881025,0.3913264194707919,0.9264825826422438
NLinear,,562.341325190349,0.08213901176611657,0.0519541740099041,0.05172327654016987,266.0725059798811,0.67011810725613,0.3698019747985183,0.39134357897718597,1.0
Linear,,1000.0,0.0,0.0,0.0,1000.0,0.6520618376861035,0.3696008969211601,0.39125800322744675,0.9262528576506796
DLinear,5.0,1000.0,0.052318884083328666,0.006038980021995021,0.0054883153890341214,1188.502227437019,0.6522145992925154,0.3695844646864812,0.39128217968617846,0.9262174162567955
DLinear,15.0,1000.0,0.06134409949676146,0.005284958735429227,0.0046331588408668,794.3282347242822,0.6517463140206861,0.36955430982791465,0.3912893592039991,0.9263272247725327
DLinear,25.0,1000.0,0.08100812850310217,0.006714719110000108,0.005629989969297598,707.945784384138,0.6516299901148007,0.3694939698489954,0.3912566164578879,0.9263597914248636
DLinear,49.0,1000.0,0.09881019190464065,0.008211377507191689,0.006697998098144367,630.9573444801937,0.6516160664536353,0.3695379498483588,0.39125821829667307,0.9263812444316875
NLinear,,1000.0,0.1290894462639175,0.052684442018783834,0.05217248178668376,473.1512589614808,0.670043640203527,0.369615358526768,0.39131256341119947,1.0
Linear,,1778.2794100389228,0.0,0.0,0.0,1778.2794100389228,0.6526250368989968,0.36942632073084186,0.39129529224521253,0.9260039223149548
DLinear,5.0,1778.2794100389228,0.0723598097195682,0.00855284277304704,0.007619511461879169,2238.721138568342,0.6528970664031154,0.36948599395390147,0.39141273498335805,0.9259546349470563
DLinear,15.0,1778.2794100389228,0.09049992008977815,0.007802729152607436,0.007042235000855913,1412.5375446227554,0.6521037808867658,0.36931903649423925,0.3913137825773117,0.9261149103746833
DLinear,25.0,1778.2794100389228,0.12194377961840835,0.009935733692805555,0.008528707478065821,1258.9254117941687,0.6518943344069067,0.36920244448881184,0.3912467209010812,0.9261680611709338
DLinear,49.0,1778.2794100389228,0.15120497127294846,0.012339550807386156,0.010229082124875857,1122.018454301963,0.6518583441123836,0.36926407069656914,0.391241616108127,0.9262038898816494
NLinear,,1778.2794100389228,0.19839666701466455,0.054210717514343684,0.05315066168308519,841.3951416451956,0.6700359040962001,0.36942421823001154,0.39135697549537135,1.0
Linear,,3162.2776601683795,0.0,0.0,0.0,3162.2776601683795,0.6537406803188094,0.36938122237725735,0.391547558222391,0.9256023247766327
DLinear,5.0,3162.2776601683795,0.09200392116034366,0.011321352202714257,0.009908574688682345,3981.0717055349774,0.6541804561136639,0.369613718970327,0.3918544720114867,0.9255409012777126
DLinear,15.0,3162.2776601683795,0.12439430038052852,0.01087040217748498,0.010196205168782673,2660.7250597988086,0.6529431035295384,0.3691734223557942,0.3915320066976871,0.9257556432468587
DLinear,25.0,3162.2776601683795,0.17172700485896794,0.013760637882938867,0.012208581868977771,2371.373705661655,0.6525754666622507,0.3689535848863529,0.39140090573276554,0.9258381936872141
DLinear,49.0,3162.2776601683795,0.2179155749011144,0.017446084197401027,0.014866882942964458,1995.2623149688789,0.6524909635701828,0.36902401407380364,0.3913730776575504,0.9258956186190668
NLinear,,3162.2776601683795,0.2931879077682566,0.05704853861793926,0.055102674542908535,1496.235656094433,0.6702114791965574,0.36931896403872716,0.3915791604350268,1.0
Linear,,5623.413251903491,0.0,0.0,0.0,5623.413251903491,0.6557560545855665,0.369642393809032,0.392184573724798,0.924965030405573
DLinear,5.0,5623.413251903491,0.10776411941905321,0.014235096220769548,0.012288660434450102,7079.457843841388,0.6563920949981512,0.3701879150772927,0.3928203189029276,0.9248977166190139
DLinear,15.0,5623.413251903491,0.15902094180458193,0.014376931992024795,0.01405333921901892,5011.872336272725,0.6546686032247198,0.3693165219999177,0.39212394060122546,0.9251586959956207
DLinear,25.0,5623.413251903491,0.22522482000413116,0.017817932558486172,0.01645206882380009,4466.835921509635,0.6540455326421097,0.36891224676498247,0.3918801765510984,0.9252782807188776
DLinear,49.0,5623.413251903491,0.2945841142420949,0.023158733188242357,0.020458997097579004,3758.374042884443,0.6538679597619556,0.36895922009137594,0.39179772426830656,0.9253648080852788
NLinear,,5623.413251903491,0.41471494604130343,0.06171883225847202,0.05863517563590484,2660.7250597988086,0.670758350050267,0.36946023677595324,0.39212937443410506,1.0
Linear,,10000.0,0.0,0.0,0.0,10000.0,0.6591461604107589,0.3704534416139321,0.3934088532325855,0.9239625013172038
DLinear,5.0,10000.0,0.11842814689035305,0.017472233111156685,0.014722064038732541,12589.254117941688,0.6599942424713441,0.3715199523303625,0.3945729920619309,0.9238984810249894
DLinear,15.0,10000.0,0.19041233276520275,0.018207149772822142,0.018207149772822142,10000.0,0.6578874454532249,0.37006631526484574,0.39332667680592415,0.9241852056308556
DLinear,25.0,10000.0,0.27602414746107745,0.021658068366619022,0.020747757729247297,8413.951416451964,0.65687856099011,0.3693515788258323,0.3928951505664373,0.9243432749025597
DLinear,49.0,10000.0,0.3744353521862985,0.028934680001901258,0.026619262030789192,7079.457843841388,0.6565499156662733,0.36930855274634966,0.3927142194375856,0.9244627956742981
NLinear,,10000.0,0.5642935598964717,0.06862696303396312,0.0644149948743462,4731.512589614803,0.6719617092374016,0.3700927227477836,0.3931991106515037,1.0
Linear,,17782.794100389227,0.0,0.0,0.0,17782.794100389227,0.6645857008191874,0.3721467213533464,0.39542710247148966,0.9223884147266134
DLinear,5.0,17782.794100389227,0.12570769910801322,0.021246676931885006,0.01710786775812863,23713.737056616552,0.6657164927374476,0.374065821513523,0.39740270332388494,0.922336113572023
DLinear,15.0,17782.794100389227,0.21589259138544117,0.02214490316705862,0.022029005105475268,18836.49089489802,0.6634418326076418,0.3718441265402782,0.39537519857427844,0.9226225079451315
DLinear,25.0,17782.794100389227,0.31880668410255963,0.02478512867118231,0.024399663084353655,15848.93192461114,0.6619125712305963,0.37069314616723203,0.39470714432166987,0.9228095700815947
DLinear,49.0,17782.794100389227,0.4504074303024634,0.034138833494412046,0.032615213524246185,14125.375446227554,0.661385925489187,0.3704641719340689,0.39438606895484135,0.9229569084469817
NLinear,,17782.794100389227,0.7464909243435548,0.0780422707729862,0.0730532329994879,8413.951416451964,0.674253860903737,0.37157345402164726,0.395022260450298,1.0
Linear,,31622.776601683792,0.0,0.0,0.0,31622.776601683792,0.673057440388341,0.37519710687929114,0.3985083874580876,0.9199130981272937
DLinear,5.0,31622.776601683792,0.13141239158696272,0.025306987690010056,0.01882889309092961,42169.65034285822,0.6746887057284268,0.37843534320360434,0.40160379257640244,0.9198767353250762
DLinear,15.0,31622.776601683792,0.2333908361598692,0.026005707663410177,0.025628914056702586,33496.54391578279,0.6724173431172061,0.375108075513303,0.3984790963592862,0.9201402384602476
DLinear,25.0,31622.776601683792,0.3499210718221255,0.0266211885342422,0.02656905444571765,29853.826189179632,0.670288170010172,0.373546436912377,0.3976547602780772,0.9203366855814927
DLinear,49.0,31622.776601683792,0.5161744011838733,0.03806295074713622,0.03739561278220838,28183.82931264455,0.6695678000914005,0.37303805653618055,0.397177940750439,0.9204953077641628
NLinear,,31622.776601683792,0.9712536679899484,0.09014718347642227,0.08490642290120892,16788.040181225624,0.6782758834916354,0.3744221032697633,0.39788342071943134,1.0
Linear,,56234.13251903491,0.0,0.0,0.0,56234.13251903491,0.6859329658838145,0.3802641987514451,0.402973566520153,0.9160162840735305
DLinear,5.0,56234.13251903491,0.13416153490370622,0.02917002815589937,0.019816224418775473,74989.42093324558,0.688498172086313,0.3853528655475952,0.40733934520021137,0.915995030084443
DLinear,15.0,56234.13251903491,0.24073367198946957,0.03058577185555575,0.030160766851510694,59566.214352901094,0.6862362628581233,0.38036896360773054,0.4028445210996833,0.9162219792416321
DLinear,25.0,56234.13251903491,0.36632709960475857,0.026698142537264144,0.026698142537264144,56234.13251903491,0.6834282003022107,0.3786891631205517,0.40214554008513287,0.9164065080024484
DLinear,49.0,56234.13251903491,0.5655131272511946,0.03999465374102771,0.0398322360203555,53088.4444230989,0.6825881009524039,0.3778488296003628,0.4015044511357042,0.9165548272854543
NLinear,,56234.13251903491,1.2532476571416606,0.10508361982993973,0.10000719948924906,31622.776601683792,0.6849033715585572,0.37934390632425913,0.4021005734888771,1.0
Linear,,100000.0,0.0,0.0,0.0,100000.0,0.7050250043284659,0.3882523723435721,0.4091655395191631,0.9098908562303096
DLinear,5.0,100000.0,0.13197399349696823,0.03283311241505896,0.02051746913617379,133352.1432163324,0.7092234320262275,0.39577762898226615,0.4148919035271921,0.9098807731770004
DLinear,15.0,100000.0,0.23788802822650862,0.038402888164664216,0.03793761190314069,105925.37251772897,0.7071017809607437,0.3886189078260986,0.40890958814415485,0.9100668301948432
DLinear,25.0,100000.0,0.3661357101072115,0.025078472030338306,0.025078472030338306,100000.0,0.703045120444526,0.38706113939602177,0.40858772580914826,0.9102261947297859
DLinear,49.0,100000.0,0.592811237387774,0.0395206638720516,0.0395206638720516,100000.0,0.7022004584271327,0.38588396533414165,0.40777710632562764,0.9103496966066276
NLinear,,100000.0,1.6110313839685106,0.12302194599085595,0.11832859372247442,59566.214352901094,0.6952827247673673,0.3872501299626289,0.4079431076685043,1.0
Linear,,177827.94100389228,0.0,0.0,0.0,177827.94100389228,0.7327034637920026,0.40059605262616965,0.41773052309345093,0.900291581791438
DLinear,5.0,177827.94100389228,0.12710600469228178,0.0358562818681478,0.021679934836908065,237137.37056616554,0.7394168526809363,0.411159677961556,0.4248126400719514,0.9002883119191903
DLinear,15.0,177827.94100389228,0.23037563989205725,0.051393775279601414,0.04988498671846522,199526.2314968883,0.7387819360313342,0.40230057722604373,0.4179419476598204,0.9004365893993699
DLinear,25.0,177827.94100389228,0.35120105855893896,0.022441976749252395,0.022441976749252395,177827.94100389228,0.7312721400366485,0.3999849052182489,0.41758328400315936,0.9005689475660882
DLinear,49.0,177827.94100389228,0.596765630195196,0.036895854132121486,0.036895854132121486,177827.94100389228,0.730586153048044,0.39854829758486265,0.4165800836844669,0.900667838647399
NLinear,,177827.94100389228,2.0727471629505585,0.14438299882229794,0.14003092284570126,118850.22274370189,0.7110410062869266,0.3995019758737091,0.41581637057895293,1.0
Linear,,316227.7660168379,0.0,0.0,0.0,316227.7660168379,0.7718590855155656,0.4196325968171379,0.4298562265561845,0.8852710243980811
DLinear,5.0,316227.7660168379,0.12243073896072489,0.036417953382084575,0.022559768850903317,398107.17055349774,0.7817441907022213,0.4333559179771092,0.4381216311976429,0.88527140863339
DLinear,15.0,316227.7660168379,0.22815236563631563,0.06751693876799705,0.061235037599369026,398107.17055349774,0.7865836058059379,0.42590890071980864,0.4325889287827482,0.8853896352654159
DLinear,25.0,316227.7660168379,0.3273655997391032,0.019621111730237922,0.019621111730237922,316227.7660168379,0.7706228151097081,0.4194510759248913,0.43002367611208425,0.8855011329924833
DLinear,49.0,316227.7660168379,0.582634485662906,0.032977584724810424,0.032977584724810424,316227.7660168379,0.7704488324188387,0.41808035447671293,0.4290411583942872,0.8855891212802751
NLinear,,316227.7660168379,2.6896781535632193,0.17025066245955384,0.16567412094152476,211348.90398366476,0.7344973140819666,0.41828916258879073,0.4263556567452926,1.0
Linear,,562341.3251903491,0.0,0.0,0.0,562341.3251903491,0.8250289079592463,0.44835767003227495,0.4474857965423715,0.8617413498651727
DLinear,5.0,562341.3251903491,0.11625732957481348,0.033494481054793294,0.021452098824053488,668343.9175686149,0.8381224607739022,0.4644160404300851,0.4561578002545819,0.8617436436856035
DLinear,15.0,562341.3251903491,0.23745368344456777,0.08081044313008225,0.06418235788925479,841395.1416451965,0.8541430442569844,0.46405563547684925,0.4555235809264742,0.8618407325357417
DLinear,25.0,562341.3251903491,0.3013590976990586,0.017115004166221963,0.017115004166221963,562341.3251903491,0.823225501301026,0.4479714115827042,0.4474798843395363,0.8619397444683244
DLinear,49.0,562341.3251903491,0.559150995317081,0.02871876237048286,0.02871876237048286,562341.3251903491,0.8242143163594084,0.44736221100623785,0.44700878527917765,0.8620361042438015
NLinear,,562341.3251903491,3.5528190831618716,0.2028041075264687,0.19676128198842185,375837.4042884443,0.7681473654382474,0.4464724144431764,0.44063399452105606,1.0
Linear,,1000000.0,0.0,0.0,0.0,1000000.0,0.892239702885965,0.489351333038994,0.4722836358055203,0.8249671960569419
DLinear,5.0,1000000.0,0.10657870210121392,0.02830303676425835,0.018793503179612085,1188502.2274370189,0.9078554414839194,0.50631487070629,0.48083660852031,0.8249705186678365
DLinear,15.0,1000000.0,0.2522639840251055,0.08451723623506997,0.05979744772013854,1496235.6560944358,0.9372095666217026,0.5168174190779183,0.4863975403458545,0.8250533112255924
DLinear,25.0,1000000.0,0.27816327632120647,0.014949686861977738,0.014751054257274854,944060.8762859246,0.88910130337651,0.48798614957157166,0.47162287546908976,0.8251455434539116
DLinear,49.0,1000000.0,0.5341511656087653,0.024740973809712474,0.024740973809712474,1000000.0,0.8918615134322089,0.4888723418531615,0.47210014658520466,0.8252631737145597
NLinear,,1000000.0,4.815098455527181,0.24564392298851978,0.23589358260459842,630957.3444801943,0.8129116449346847,0.48672837772388483,0.4593646859600263,1.0
Linear,,1778279.410038923,0.0,0.0,0.0,1778279.410038923,0.9685646513470407,0.5432420848435852,0.5053537241339635,0.7686094346189035
DLinear,5.0,1778279.410038923,0.09426791657585387,0.02243256553457229,0.015517402573190958,1995262.3149688828,0.985061730640563,0.5594634257257967,0.5131228539866757,0.768613187379843
DLinear,15.0,1778279.410038923,0.25823716462199825,0.07609866948458793,0.054812860846002946,2511886.4315095823,1.0222814388889865,0.5782999022158685,0.5224486746710192,0.7686846416474715
DLinear,25.0,1778279.410038923,0.2600571419542699,0.012797856000133265,0.012259720868072662,1678804.0181225624,0.9640557645932398,0.5406929604700356,0.5040784889948277,0.7687708168462467
DLinear,49.0,1778279.410038923,0.512293910560524,0.021222201278205913,0.021222201278205913,1778279.410038923,0.9684285527507533,0.5431437020371785,0.5053410223308734,0.7689083986713476
NLinear,,1778279.410038923,6.731118965370191,0.3038605384872455,0.2861111079788448,944060.8762859246,0.86629818198343,0.5406461690751224,0.4825833993450567,1.0
Linear,,3162277.6601683795,0.0,0.0,0.0,3162277.6601683795,1.0454749859315637,0.6082490331927972,0.5455230407694348,0.6865950960063172
DLinear,5.0,3162277.6601683795,0.08091574290709254,0.016619022991619884,0.013203720922042342,3349654.3915782794,1.060524631862612,0.6220897599550842,0.5518317283393862,0.6865987219301273
DLinear,15.0,3162277.6601683795,0.24726261242374517,0.05954515071660533,0.048308712360060624,3981071.7055349774,1.0964012193290587,0.6426939005236276,0.5614178426847415,0.6866584233978618
DLinear,25.0,3162277.6601683795,0.2468471021499348,0.010424036396014786,0.010424036396014786,3162277.6601683795,1.0404739937103809,0.60510776287439,0.5440375187758107,0.6867351823843247
DLinear,49.0,3162277.6601683795,0.4949184567969685,0.017982692310618907,0.017982692310618907,3162277.6601683795,1.0453868449991086,0.6083335970731191,0.5455727362121531,0.6868796121269937
NLinear,,3162277.6601683795,9.752323565195601,0.3831307193270083,0.3502293458874567,1258925.4117941686,0.924558933690667,0.6091261158315668,0.5091658889056728,1.0
Linear,,5623413.251903491,0.0,0.0,0.0,5623413.251903491,1.1180310646915432,0.6825592408034636,0.5908780287601286,0.5777486860490034
DLinear,5.0,5623413.251903491,0.0681933123108419,0.011418818661027362,0.011048224127233667,5956621.435290109,1.1298852281492084,0.6930386754299774,0.5954195186367279,0.577751725443933
DLinear,15.0,5623413.251903491,0.22479734846555374,0.04158273657951696,0.03750452617446134,6309573.444801942,1.1582474732078287,0.7102956055271804,0.6031265621300075,0.5777981143565145
DLinear,25.0,5623413.251903491,0.2374054946867933,0.007977745202809763,0.007977745202809763,5623413.251903491,1.1135953986154958,0.6796394819348425,0.5895746511002009,0.577861018723685
DLinear,49.0,5623413.251903491,0.48177791409196685,0.014726102969447607,0.014726102969447607,5623413.251903491,1.1178855092820004,0.6826600487180481,0.5909205873318298,0.5779955406790179
NLinear,,5623413.251903491,14.753150204157992,0.4862587499019983,0.42937001319797974,1584893.1924611141,0.9897171079240793,0.6942654567106687,0.5386571869846494,1.0
Linear,,10000000.0,0.0,0.0,0.0,10000000.0,1.1886552394622396,0.7651491338654106,0.6384599667804618,0.45096297766240623
DLinear,5.0,10000000.0,0.05781879464631863,0.007332249910141209,0.007332249910141209,10000000.0,1.1969378122752659,0.7723107666615796,0.6414755338408499,0.4509652031901236
DLinear,15.0,10000000.0,0.20167941395145142,0.026758600069726822,0.025569933275936096,10592537.251772897,1.2165487539370317,0.784594652370898,0.6468128836582038,0.4509979809068125
DLinear,25.0,10000000.0,0.23087826860203006,0.00574476187832769,0.00574476187832769,10000000.0,1.1853230799207202,0.7629055642000433,0.6374910463683725,0.45104465544408395
DLinear,49.0,10000000.0,0.47242980118148903,0.011364969605393453,0.011364969605393453,10000000.0,1.1884596732250683,0.765194982485712,0.6384835434521703,0.4511562066990135
NLinear,,10000000.0,23.409848176155652,0.6073601190054054,0.5199771660473075,1883649.089489802,1.0705663433334696,0.7976563316262446,0.5715701933480934,1.0
Linear,,17782794.100389227,0.0,0.0,0.0,17782794.100389227,1.259853461565288,0.8513370646921203,0.6840541187298315,0.3244657481110458
DLinear,5.0,17782794.100389227,0.050497429048526166,0.004476941876833602,0.004476941876833602,17782794.100389227,1.265171456305933,0.8558793417381022,0.6859096285307569,0.3244671983483621
DLinear,15.0,17782794.100389227,0.18408170415426667,0.01631711155212011,0.01631711155212011,17782794.100389227,1.2776272819033327,0.863801992708822,0.6892267206800784,0.32448829265434703
DLinear,25.0,17782794.100389227,0.22661864353823172,0.003902803900789023,0.003902803900789023,17782794.100389227,1.2576171503989724,0.8498131779256543,0.6834201179795277,0.3245197840736083
DLinear,49.0,17782794.100389227,0.4662508272356356,0.008145785520221466,0.008145785520221466,17782794.100389227,1.2596613667454495,0.8513329751538622,0.6840573226284227,0.3246029229690645
NLinear,,17782794.100389227,38.75237843436429,0.7303729055108874,0.6115996654380732,1995262.3149688828,1.1701967199493906,0.9131640239544477,0.6065852902941609,1.0
Linear,,31622776.60168379,0.0,0.0,0.0,31622776.60168379,1.3270679337434668,0.9310840248371522,0.7230852924064529,0.21650492073150737
DLinear,5.0,31622776.60168379,0.045829908040572145,0.0026440713256704984,0.0026440713256704984,31622776.60168379,1.3303019171488786,0.9338275940918164,0.7241746624939183,0.2165057900466697
DLinear,15.0,31622776.60168379,0.17262897840571026,0.009623046549005271,0.009623046549005271,31622776.60168379,1.3378170185388045,0.9386475137203173,0.7261262931331877,0.2165184336164431
DLinear,25.0,31622776.60168379,0.22398705331415478,0.002511405129098725,0.002511405129098725,31622776.60168379,1.3256714281475237,0.9301257354890874,0.7226988639493602,0.21653815351423544
DLinear,49.0,31622776.60168379,0.462410373674406,0.005430130522787338,0.005430130522787338,31622776.60168379,1.3269160170649088,0.9310584772480277,0.7230812560825443,0.21659476720668258
NLinear,,31622776.60168379,66.11634088912561,0.8372387923395422,0.6916581306477911,2113489.0398366475,1.276267088270737,1.0250518383847564,0.6392135022226245,1.0
Linear,,56234132.51903491,0.0,0.0,0.0,56234132.51903491,1.3827056567154032,0.9951773758476865,0.7527767818330569,0.13602709899207308
DLinear,5.0,56234132.51903491,0.043027391691086055,0.0015298621620529296,0.0015298621620529296,56234132.51903491,1.3846084671412973,0.9967855505521532,0.7533978051172728,0.13602759621907437
DLinear,15.0,56234132.51903491,0.16573515742254152,0.005562637657968594,0.005562637657968594,56234132.51903491,1.3890079688226156,0.9996201316419528,0.7545119424552841,0.13603486503703288
DLinear,25.0,56234132.51903491,0.22242264600599526,0.0015442983413732861,0.0015442983413732861,56234132.51903491,1.3818711849122352,0.9946022928880541,0.7525516299921311,0.13604662421572486
DLinear,49.0,56234132.51903491,0.4601200898065688,0.0034113976809581584,0.0034113976809581584,56234132.51903491,1.382601045917073,0.9951506418196346,0.7527704619265964,0.13608260980467932
NLinear,,56234132.51903491,114.9069558609688,0.9180192359454558,0.7526080149220534,2238721.138568342,1.3701080415487616,1.117715387523459,0.6653481164274144,1.0
Linear,,100000000.0,0.0,0.0,0.0,100000000.0,1.423182397516136,1.04074721573715,0.7730600198082991,0.08189530720580339
DLinear,5.0,100000000.0,0.04139754571770635,0.0008744768127584952,0.0008744768127584952,100000000.0,1.4242804653671517,1.0416732994267899,0.7734109694907514,0.08189558613679467
DLinear,15.0,100000000.0,0.1617343994366263,0.0031779062076119496,0.0031779062076119496,100000000.0,1.4268116452534132,1.0433082517507422,0.774042098685393,0.08189968798868745
DLinear,25.0,100000000.0,0.22151441060809646,0.000918310973087514,0.000918310973087514,100000000.0,1.422696585069678,1.0404115265225449,0.7729311913144772,0.08190650694273088
DLinear,49.0,100000000.0,0.4587880827337889,0.002054082160846901,0.002054082160846901,100000000.0,1.4231162170441136,1.040726859055828,0.7730547086218773,0.08192831606726188
NLinear,,100000000.0,201.79174964683514,0.9728846344225726,0.7942431471893353,2238721.138568342,1.4409770757422096,1.1848812780528806,0.6838454223937511,1.0
